순위,단어,빈도,,,
1,중국,3002,,,
2,문화,547,,,
3,한복,527,,,
4,시진핑,518,,,
5,게임,486,,,
6,한국,459,,,
7,나라,441,,,
8,중국인,413,,,
9,우리,364,,,
10,사람,311,,,
11,역사,291,,,
12,생각,256,,,
13,일본,253,,,
14,영상,238,,,
15,자기,230,,,
16,공산당,222,,,
17,개,217,,,
18,마오쩌둥,213,,,
19,우리나라,212,,,
20,국가,211,,,
21,놈,210,,,
22,지금,198,,,
23,미국,190,,,
24,코로나,166,,,
25,옷,152,,,
26,세계,146,,,
27,마지막,145,,,
28,조선족,145,,,
29,정부,141,,,
30,하나,141,,,
31,문제,128,,,
32,샤이닝니키,126,,,
33,민주화,123,,,
34,땅,119,,,
35,대혁명,115,,,
36,새끼,115,,,
37,남,114,,,
38,천안문,114,,,
39,돈,107,,,
40,한푸,104,,,
41,민주주의,100,,,
42,사실,100,,,
43,소리,99,,,
44,명나라,96,,,
45,댓글,95,,,
46,동북공정,94,,,
47,욕,93,,,
48,북한,89,,,
49,한족,89,,,
50,너,84,,,
51,정치,84,,,
52,시작,81,,,
53,이유,81,,,
54,고려,79,,,
55,중국공산당,79,,,
56,민족,77,,,
57,대만,74,,,
58,대한민국,74,,,
59,영향,74,,,
60,지네,73,,,
61,국민,70,,,
62,적,69,,,
63,한국인,69,,,
64,중공,68,,,
65,홍콩,68,,,
66,가지,67,,,
67,운동,67,,,
68,혐오,67,,,
69,관련,66,,,
70,짓,65,,,
71,회사,65,,,
72,상징,64,,,
73,응원,63,,,
74,광고,62,,,
75,전쟁,62,,,
76,친,61,,,
77,유저,60,,,
78,주장,60,,,
79,글,59,,,
80,수준,59,,,
81,인구,59,,,
82,자체,59,,,
83,트위터,59,,,
84,대국,58,,,
85,지구,58,,,
86,병신,58,,,
87,답,55,,,
88,롤,55,,,
89,명,55,,,
90,사태,55,,,
91,전통,55,,,
92,정신,55,,,
93,차이나,55,,,
94,한번,54,,,
95,유튜브,54,,,
96,대통령,53,,,
97,정권,53,,,
98,청나라,53,,,
99,중국어,52,,,
100,몽,51,,,
101,소수민족,51,,,
102,영어,51,,,
103,인체,51,,,
104,앞,50,,,
105,전세계,50,,,
106,조선,50,,,
107,형님,50,,,
108,이해,49,,,
109,인정,49,,,
110,자신,49,,,
111,존나,49,,,
112,지지,49,,,
113,사건,48,,,
114,손,48,,,
115,인간,48,,,
116,쪽,48,,,
117,계속,47,,,
118,논리,47,,,
119,대한,47,,,
120,세상,47,,,
121,전부,47,,,
122,분,46,,,
123,사이다,46,,,
124,신,46,,,
125,지랄,46,,,
126,홍위병,46,,,
127,힘,46,,,
128,쓰레기,45,,,
129,개인,44,,,
130,민폐,44,,,어
131,삭제,43,,,
132,선,43,,,
133,전통의상,43,,,
134,절대,43,,,
135,공자,42,,,
136,독립,42,,,
137,거지,41,,,
138,요즘,41,,,
139,자본,41,,,
140,현재,41,,,
141,걱정,40,,,
142,신비,40,,,
143,우한,40,,,
144,이후,40,,,
145,처음,40,,,
146,공산주의,39,,,
147,관심,39,,,
148,다음,39,,,
149,대가리,39,,,
150,원래,39,,,
151,치파오,39,,,
152,주의,38,,,
153,짱,38,,,
154,기업,37,,,
155,입장,37,,,
156,정치인,37,,,
157,팩트,37,,,
158,고구려,36,,,
159,내용,36,,,
160,모두,36,,,
161,사상,36,,,
162,속국,35,,,
163,이상,35,,,
164,국뽕,34,,,
165,김성회,34,,,
166,끝,34,,,
167,나중,34,,,
168,날,34,,,
169,너희,34,,,
170,독재,34,,,
171,몽골,34,,,
172,애초,34,,,
173,의복,34,,,
174,중화사상,34,,,
175,친구,34,,,
176,근본,33,,,
177,복식,33,,,
178,소국,33,,,
179,아시아,33,,,
180,역사왜곡,33,,,
181,의상,33,,,
182,공지,32,,,
183,교육,31,,,
184,꼴,31,,,
185,라핀,31,,,
186,상대,31,,,
187,오랑캐,31,,,
188,우기,31,,,
189,최고,31,,,
190,탄압,31,,,
191,핵,31,,,
192,경제,30,,,
193,국내,30,,,
194,기술,30,,,
195,눈치,30,,,
196,덩어리,30,,,
197,머리,30,,,
198,발언,30,,,
199,불매,30,,,
200,이야기,30,,,
201,인종차별,30,,,
202,잘못,30,,,
203,존재,30,,,
204,과거,29,,,
205,문재인,29,,,
206,바이든,29,,,
207,상황,29,,,
208,열등감,29,,,
209,유행,29,,,
210,인도,29,,,
211,거리,28,,,
212,누구,28,,,
213,다행,28,,,
214,번,28,,,
215,빨,28,,,
216,언급,28,,,
217,외국,28,,,
218,이름,28,,,
219,인류,28,,,
220,입,28,,,
221,지배,28,,,
222,최근,28,,,
223,문명,27,,,
224,문화유산,27,,,
225,바이러스,27,,,
226,발전,27,,,
227,변국,27,,,
228,섭종,27,,,
229,시발,27,,,
230,시장,27,,,
231,실제,27,,,
232,웃기,27,,,
233,죽,27,,,
234,지역,27,,,
235,한글,27,,,
236,가면,26,,,
237,경우,26,,,
238,금지,26,,,
239,기억,26,,,
240,모습,26,,,
241,부분,26,,,
242,신고,26,,,
243,영토,26,,,
244,옛날,26,,,
245,오늘,26,,,
246,왜곡,26,,,
247,인민,26,,,
248,중국몽,26,,,
249,중국산,26,,,
250,증거,26,,,
251,짓거리,26,,,
252,출시,26,,,
253,파룬궁,26,,,
254,행동,26,,,
255,느낌,25,,,
256,뜻,25,,,
257,물,25,,,
258,뿌리,25,,,
259,얘기,25,,,
260,예전,25,,,
261,일이,25,,,
262,자국,25,,,
263,자료,25,,,
264,중화,25,,,
265,폐렴,25,,,
266,피해,25,,,
267,감,24,,,
268,공안,24,,,
269,무시,24,,,
270,미세먼지,24,,,
271,반중,24,,,
272,본인,24,,,
273,삼국지,24,,,
274,아무,24,,,
275,원나라,24,,,
276,전체,24,,,
277,지식,24,,,
278,타이완,24,,,
279,호감,24,,,
280,근거,23,,,
281,당,23,,,
282,대응,23,,,
283,라이엇,23,,,
284,민주당,23,,,
285,박살,23,,,
286,외교,23,,,
287,조국,23,,,
288,티벳,23,,,
289,포함,23,,,
290,한마디,23,,,
291,러브,22,,,
292,말씀,22,,,
293,분열,22,,,
294,사랑,22,,,
295,자막,22,,,
296,자유,22,,,
297,참고,22,,,
298,채널,22,,,
299,한반도,22,,,
300,해외,22,,,
301,황제,22,,,
302,그때,21,,,
303,기록,21,,,
304,기모노,21,,,
305,김,21,,,
306,당시,21,,,
307,당신,21,,,
308,라면,21,,,
309,레전드,21,,,
310,마음,21,,,
311,무역,21,,,
312,배,21,,,
313,비판,21,,,
314,사진,21,,,
315,아이돌,21,,,
316,어이,21,,,
317,여러,21,,,
318,정책,21,,,
319,진심,21,,,
320,출신,21,,,
321,트럼프,21,,,
322,프리,21,,,
323,행위,21,,,
324,고대,20,,,
325,기분,20,,,
326,눈,20,,,
327,당장,20,,,
328,똥,20,,,
329,미원,20,,,
330,반대,20,,,
331,사회,20,,,
332,서버,20,,,
333,세기,20,,,
334,수도,20,,,
335,악,20,,,
336,어그,20,,,
337,우린,20,,,
338,위구르,20,,,
339,유럽,20,,,
340,인기,20,,,
341,점,20,,,
342,정상,20,,,
343,침략,20,,,
344,탈퇴,20,,,
345,패,20,,,
346,현실,20,,,
347,개발,19,,,
348,게이머,19,,,
349,공부,19,,,
350,광역,19,,,
351,나치,19,,,
352,단어,19,,,
353,달,19,,,
354,면,19,,,
355,몸,19,,,
356,문혁,19,,,
357,민족주의,19,,,
358,법,19,,,
359,베이징,19,,,
360,베트남,19,,,
361,봄,19,,,
362,부정,19,,,
363,비롯,19,,,
364,뽕,19,,,
365,사용,19,,,
366,서비스,19,,,
367,수련,19,,,
368,신경,19,,,
369,연구,19,,,
370,운영,19,,,
371,인터넷,19,,,
372,일단,19,,,
373,조상,19,,,
374,주변,19,,,
375,통일,19,,,
376,판,19,,,
377,평화,19,,,
378,필요,19,,,
379,후손,19,,,
380,공격,18,,,
381,공식,18,,,
382,기원,18,,,
383,넘버,18,,,
384,논란,18,,,
385,마찬가지,18,,,
386,만주족,18,,,
387,머릿수,18,,,
388,민주,18,,,
389,방법,18,,,
390,불매운동,18,,,
391,비호감,18,,,
392,세뇌,18,,,
393,시간,18,,,
394,시위,18,,,
395,시절,18,,,
396,씨,18,,,
397,이기,18,,,
398,정작,18,,,
399,중심,18,,,
400,중화민국,18,,,
401,파괴,18,,,
402,페이퍼,18,,,
403,표,18,,,
404,한국어,18,,,
405,환불,18,,,
406,활동,18,,,
407,관계,17,,,
408,남한,17,,,
409,대륙,17,,,
410,대표,17,,,
411,만세,17,,,
412,벌레,17,,,
413,복장,17,,,
414,비,17,,,
415,사과,17,,,
416,사이,17,,,
417,시기,17,,,
418,언어,17,,,
419,원조,17,,,
420,의견,17,,,
421,이전,17,,,
422,일베,17,,,
423,일부,17,,,
424,중화인민공화국,17,,,
425,패권,17,,,
426,펠레,17,,,
427,강제,16,,,
428,계정,16,,,
429,김치,16,,,
430,달라,16,,,
431,도움,16,,,
432,독도,16,,,
433,독립운동,16,,,
434,드립,16,,,
435,반박,16,,,
436,발견,16,,,
437,밥,16,,,
438,분서갱유,16,,,
439,붕괴,16,,,
440,빨갱이,16,,,
441,사투리,16,,,
442,왕,16,,,
443,웨이보,16,,,
444,자랑,16,,,
445,종교,16,,,
446,좌파,16,,,
447,중간,16,,,
448,즈그,16,,,
449,진실,16,,,
450,차원,16,,,
451,책,16,,,
452,컨텐츠,16,,,
453,테러,16,,,
454,표현,16,,,
455,피,16,,,
456,한자,16,,,
457,중궈,16,,,
458,각,15,,,
459,교류,15,,,
460,구글,15,,,
461,국제,15,,,
462,국회,15,,,
463,깡패,15,,,
464,딜,15,,,
465,맛,15,,,
466,먀오,15,,,
467,무,15,,,
468,무덤,15,,,
469,무엇,15,,,
470,보복,15,,,
471,사드,15,,,
472,수출,15,,,
473,시대,15,,,
474,씨발,15,,,
475,아리,15,,,
476,우호,15,,,
477,이면,15,,,
478,제일,15,,,
479,제품,15,,,
480,조작,15,,,
481,중립,15,,,
482,탱크,15,,,
483,통,15,,,
484,해결,15,,,
485,갓,14,,,
486,검열,14,,,
487,고조선,14,,,
488,단체,14,,,
489,대신,14,,,
490,동아시아,14,,,
491,명의,14,,,
492,모바일,14,,,
493,미래,14,,,
494,분노,14,,,
495,사회주의,14,,,
496,상관,14,,,
497,세력,14,,,
498,수입,14,,,
499,애국심,14,,,
500,의미,14,,,
501,이슈,14,,,
502,일방,14,,,
503,저기,14,,,
504,정리,14,,,
505,존경,14,,,
506,지도,14,,,
507,짜장,14,,,
508,차이,14,,,
509,찬양,14,,,
510,천년,14,,,
511,팔,14,,,
512,팬,14,,,
513,화,14,,,
514,감정,13,,,
515,개념,13,,,
516,개돼지,13,,,
517,공산,13,,,
518,국적,13,,,
519,기적,13,,,
520,내부,13,,,
521,도전,13,,,
522,동안,13,,,
523,둘,13,,,
524,드라마,13,,,
525,마무리,13,,,
526,멸망,13,,,
527,문,13,,,
528,물건,13,,,
529,박근혜,13,,,
530,번역,13,,,
531,변발,13,,,
532,보이,13,,,
533,상상,13,,,
534,선생님,13,,,
535,세라,13,,,
536,소설,13,,,
537,시민,13,,,
538,애국,13,,,
539,열,13,,,
540,옹호,13,,,
541,이분,13,,,
542,이익,13,,,
543,이탈리아,13,,,
544,전체주의,13,,,
545,전통문화,13,,,
546,정보,13,,,
547,중국사람,13,,,
548,진행,13,,,
549,짝퉁,13,,,
550,탓,13,,,
551,티베트,13,,,
552,화가,13,,,
553,개인정보,12,,,
554,거짓,12,,,
555,검,12,,,
556,공장,12,,,
557,길,12,,,
558,난리,12,,,
559,넘버원,12,,,
560,당국,12,,,
561,동지,12,,,
562,러시아,12,,,
563,맘,12,,,
564,몇,12,,,
565,목표,12,,,
566,보기,12,,,
567,불법,12,,,
568,불호,12,,,
569,사고,12,,,
570,설명,12,,,
571,소름,12,,,
572,쇼,12,,,
573,식민지,12,,,
574,애비,12,,,
575,양식,12,,,
576,양심,12,,,
577,얼마,12,,,
578,여자,12,,,
579,열망,12,,,
580,영향력,12,,,
581,외부,12,,,
582,유지,12,,,
583,이쯤,12,,,
584,인식,12,,,
585,일본도,12,,,
586,잡고,12,,,
587,장사,12,,,
588,죄,12,,,
589,집,12,,,
590,착,12,,,
591,카페,12,,,
592,크기,12,,,
593,하라,12,,,
594,하루,12,,,
595,학살,12,,,
596,헛소리,12,,,
597,혁명,12,,,
598,가능성,11,,,
599,가야,11,,,
600,검색,11,,,
601,결론,11,,,
602,계획,11,,,
603,공정,11,,,
604,구독,11,,,
605,국회의원,11,,,
606,극우,11,,,
607,기도,11,,,
608,기본,11,,,
609,기어,11,,,
610,노예,11,,,
611,담,11,,,
612,대충,11,,,
613,독일,11,,,
614,등장,11,,,
615,따위,11,,,
616,모름,11,,,
617,반응,11,,,
618,방,11,,,
619,블리자드,11,,,
620,산업,11,,,
621,섭,11,,,
622,성향,11,,,
623,소련,11,,,
624,스펀지밥,11,,,
625,시비,11,,,
626,아프리카,11,,,
627,엔딩,11,,,
628,역대,11,,,
629,완전,11,,,
630,유물,11,,,
631,유산,11,,,
632,의존,11,,,
633,장제스,11,,,
634,적극,11,,,
635,절,11,,,
636,정복,11,,,
637,조만간,11,,,
638,차단,11,,,
639,척,11,,,
640,청,11,,,
641,침탈,11,,,
642,하자,11,,,
643,홍보,11,,,
644,확인,11,,,
645,흡수,11,,,
646,감옥,10,,,
647,개판,10,,,
648,깨,10,,,
649,꿈,10,,,
650,대상,10,,,
651,며칠,10,,,
652,목,10,,,
653,미호,10,,,
654,병,10,,,
655,부수,10,,,
656,사이트,10,,,
657,상태,10,,,
658,새,10,,,
659,선동,10,,,
660,세계대전,10,,,
661,수정,10,,,
662,순간,10,,,
663,스킨,10,,,
664,시원,10,,,
665,실현,10,,,
666,엄마,10,,,
667,여론,10,,,
668,여행,10,,,
669,영국,10,,,
670,왕따,10,,,
671,외국인,10,,,
672,위구르인,10,,,
673,위협,10,,,
674,의식,10,,,
675,의원,10,,,
676,이미지,10,,,
677,이자,10,,,
678,인권,10,,,
679,인성,10,,,
680,인종,10,,,
681,인지,10,,,
682,적국,10,,,
683,정당,10,,,
684,제외,10,,,
685,젤,10,,,
686,조장,10,,,
687,종료,10,,,
688,집단,10,,,
689,쩌둥,10,,,
690,차별,10,,,
691,차지,10,,,
692,초기,10,,,
693,축제,10,,,
694,춘추전국시대,10,,,
695,캐릭터,10,,,
696,코인,10,,,
697,통제,10,,,
698,티베트인,10,,,
699,팀,10,,,
700,판호,10,,,
701,포기,10,,,
702,프랑스,10,,,
703,핑크,10,,,
704,해킹,10,,,
705,향,10,,,
706,현대,10,,,
707,호주,10,,,
708,회수,10,,,
709,가짜,9,,,
710,거래,9,,,
711,고유,9,,,
712,국산,9,,,
713,궁,9,,,
714,권력,9,,,
715,규모,9,,,
716,급,9,,,
717,나머지,9,,,
718,냄새,9,,,
719,넌,9,,,
720,년,9,,,
721,뇌,9,,,
722,뉴스,9,,,
723,당나라,9,,,
724,대항,9,,,
725,도발,9,,,
726,동의,9,,,
727,디자인,9,,,
728,링크,9,,,
729,만주,9,,,
730,매수,9,,,
731,미군,9,,,
732,밀고,9,,,
733,반일,9,,,
734,방송,9,,,
735,방탄,9,,,
736,보지,9,,,
737,부대,9,,,
738,블랙,9,,,
739,비난,9,,,
740,사가,9,,,
741,세금,9,,,
742,소수,9,,,
743,수로,9,,,
744,숫자,9,,,
745,아리랑,9,,,
746,안보,9,,,
747,암,9,,,
748,언론,9,,,
749,연합,9,,,
750,영화,9,,,
751,오브,9,,,
752,위구르족,9,,,
753,위기,9,,,
754,유래,9,,,
755,음식,9,,,
756,의심,9,,,
757,이용,9,,,
758,이웃,9,,,
759,일본인,9,,,
760,입맛,9,,,
761,장웨이제,9,,,
762,재팬,9,,,
763,전략,9,,,
764,정신병,9,,,
765,정체,9,,,
766,제국주의,9,,,
767,조사,9,,,
768,졸라,9,,,
769,주석,9,,,
770,주입,9,,,
771,주제,9,,,
772,중원,9,,,
773,집권,9,,,
774,찬성,9,,,
775,청원,9,,,
776,초,9,,,
777,취급,9,,,
778,코스튬,9,,,
779,큰일,9,,,
780,키,9,,,
781,키배,9,,,
782,타국,9,,,
783,탈,9,,,
784,탑,9,,,
785,통수,9,,,
786,퍼,9,,,
787,한적,9,,,
788,행보,9,,,
789,혐한,9,,,
790,화이팅,9,,,
791,가슴,8,,,
792,개입,8,,,
793,거란,8,,,
794,건국,8,,,
795,견제,8,,,
796,결정,8,,,
797,계기,8,,,
798,국문,8,,,
799,군대,8,,,
800,그림,8,,,
801,글자,8,,,
802,기사,8,,,
803,기회,8,,,
804,꽃,8,,,
805,나치독일,8,,,
806,난징,8,,,
807,난징대,8,,,
808,능력,8,,,
809,대전,8,,,
810,대처,8,,,
811,도둑질,8,,,
812,롤드컵,8,,,
813,만들기,8,,,
814,만해,8,,,
815,메이드,8,,,
816,멘트,8,,,
817,모욕,8,,,
818,목적,8,,,
819,몸조심,8,,,
820,문화재,8,,,
821,바퀴벌레,8,,,
822,발악,8,,,
823,발음,8,,,
824,보통,8,,,
825,북방,8,,,
826,비율,8,,,
827,빡,8,,,
828,빼,8,,,
829,상이,8,,,
830,선조,8,,,
831,수십,8,,,
832,슬슬,8,,,
833,시선,8,,,
834,시전,8,,,
835,시점,8,,,
836,실수,8,,,
837,싸움,8,,,
838,씹덕,8,,,
839,아편전쟁,8,,,
840,악질,8,,,
841,안남,8,,,
842,역사상,8,,,
843,온갖,8,,,
844,왕조,8,,,
845,요약,8,,,
846,욕심,8,,,
847,용기,8,,,
848,원인,8,,,
849,위치,8,,,
850,유학생,8,,,
851,이지,8,,,
852,인물,8,,,
853,인해전술,8,,,
854,자살,8,,,
855,재앙,8,,,
856,저번,8,,,
857,점령,8,,,
858,제작,8,,,
859,조공,8,,,
860,조지,8,,,
861,존엄,8,,,
862,좆,8,,,
863,주의자,8,,,
864,지난번,8,,,
865,지리,8,,,
866,직접,8,,,
867,질병,8,,,
868,짜장면,8,,,
869,찍,8,,,
870,철수,8,,,
871,추가,8,,,
872,추천,8,,,
873,캬,8,,,
874,컨셉,8,,,
875,코리아,8,,,
876,타령,8,,,
877,텐센트,8,,,
878,통한,8,,,
879,특정,8,,,
880,판단,8,,,
881,팝,8,,,
882,하늘,8,,,
883,해당,8,,,
884,핸드폰,8,,,
885,혼자,8,,,
886,환단고기,8,,,
887,환영,8,,,
888,희생,8,,,
889,가입,7,,,
890,가족,7,,,
891,개새끼,7,,,
892,개시,7,,,
893,겁,7,,,
894,게시,7,,,
895,결과,7,,,
896,고립,7,,,
897,공,7,,,
898,공감,7,,,
899,교과서,7,,,
900,군사,7,,,
901,글로벌,7,,,
902,나름,7,,,
903,내몽골,7,,,
904,내지,7,,,
905,단계,7,,,
906,당선,7,,,
907,대가,7,,,
908,대다수,7,,,
909,대사,7,,,
910,덕분,7,,,
911,동양,7,,,
912,동영상,7,,,
913,등신,7,,,
914,디지털,7,,,
915,딱지,7,,,
916,로남불,7,,,
917,리그,7,,,
918,마윈,7,,,
919,말로,7,,,
920,맥락,7,,,
921,명언,7,,,
922,목숨,7,,,
923,밑,7,,,
924,바람,7,,,
925,밖,7,,,
926,방해,7,,,
927,배경,7,,,
928,백년,7,,,
929,보시라이,7,,,
930,보존,7,,,
931,분야,7,,,
932,비단,7,,,
933,사고방식,7,,,
934,사례,7,,,
935,산봉우리,7,,,
936,상식,7,,,
937,상호,7,,,
938,샤니,7,,,
939,서양,7,,,
940,선택,7,,,
941,설,7,,,
942,성,7,,,
943,세대,7,,,
944,세운,7,,,
945,셈,7,,,
946,소비,7,,,
947,손절,7,,,
948,수복,7,,,
949,숙청,7,,,
950,시즌,7,,,
951,실질,7,,,
952,십년,7,,,
953,아래,7,,,
954,아미,7,,,
955,아버지,7,,,
956,아편,7,,,
957,알리,7,,,
958,압도,7,,,
959,약,7,,,
960,약간,7,,,
961,양산,7,,,
962,억압,7,,,
963,업적,7,,,
964,여기저기,7,,,
965,예수,7,,,
966,예정,7,,,
967,요리,7,,,
968,우파,7,,,
969,운영자,7,,,
970,위로,7,,,
971,유교,7,,,
972,유튜버,7,,,
973,유튭,7,,,
974,은근,7,,,
975,인수,7,,,
976,자존심,7,,,
977,작년,7,,,
978,작업,7,,,
979,적도,7,,,
980,적용,7,,,
981,전작,7,,,
982,절반,7,,,
983,점검,7,,,
984,정의,7,,,
985,제재,7,,,
986,좌표,7,,,
987,중국역사,7,,,
988,집결,7,,,
989,천안문사태,7,,,
990,첫,7,,,
991,체제,7,,,
992,최소한,7,,,
993,최초,7,,,
994,축구,7,,,
995,커뮤니티,7,,,
996,퀄리티,7,,,
997,탈출,7,,,
998,특징,7,,,
999,파기,7,,,
1000,편입,7,,,
1001,평생,7,,,
1002,폭발,7,,,
1003,표기,7,,,
1004,프로,7,,,
1005,행사,7,,,
1006,현,7,,,
1007,가시,6,,,
1008,가요,6,,,
1009,간도,6,,,
1010,감소,6,,,
1011,강대국,6,,,
1012,강요,6,,,
1013,강탈,6,,,
1014,개조,6,,,
1015,거짓말,6,,,
1016,결승전,6,,,
1017,경계,6,,,
1018,경쟁,6,,,
1019,고작,6,,,
1020,골,6,,,
1021,과금,6,,,
1022,관복,6,,,
1023,구분,6,,,
1024,국수,6,,,
1025,규제,6,,,
1026,극단,6,,,
1027,기념,6,,,
1028,기존,6,,,
1029,꼬리,6,,,
1030,끝판,6,,,
1031,네티즌,6,,,
1032,넥슨,6,,,
1033,뇌절,6,,,
1034,능,6,,,
1035,다가,6,,,
1036,다수,6,,,
1037,다운,6,,,
1038,대고,6,,,
1039,댐,6,,,
1040,던파,6,,,
1041,도둑,6,,,
1042,독,6,,,
1043,라인,6,,,
1044,마오쩌뚱,6,,,
1045,마인드,6,,,
1046,만리장성,6,,,
1047,말살,6,,,
1048,말투,6,,,
1049,먹이,6,,,
1050,멍청이,6,,,
1051,몇개,6,,,
1052,몇번,6,,,
1053,모,6,,,
1054,모양,6,,,
1055,모조리,6,,,
1056,목소리,6,,,
1057,미가,6,,,
1058,미국인,6,,,
1059,바보,6,,,
1060,박물관,6,,,
1061,반도체,6,,,
1062,반성,6,,,
1063,발상,6,,,
1064,버러지,6,,,
1065,벌,6,,,
1066,변화,6,,,
1067,보상,6,,,
1068,분단,6,,,
1069,분리,6,,,
1070,불가,6,,,
1071,불만,6,,,
1072,사업,6,,,
1073,사인,6,,,
1074,사지,6,,,
1075,살의,6,,,
1076,삼국시대,6,,,
1077,색,6,,,
1078,선전,6,,,
1079,섬,6,,,
1080,성공,6,,,
1081,세,6,,,
1082,소녀,6,,,
1083,소문,6,,,
1084,수장,6,,,
1085,스타일,6,,,
1086,스폰지밥,6,,,
1087,승리,6,,,
1088,시,6,,,
1089,시도,6,,,
1090,신도,6,,,
1091,신장,6,,,
1092,아시,6,,,
1093,아우,6,,,
1094,악의,6,,,
1095,암살,6,,,
1096,압박,6,,,
1097,여진족,6,,,
1098,역,6,,,
1099,역병,6,,,
1100,연관,6,,,
1101,연설,6,,,
1102,유사,6,,,
1103,유전자,6,,,
1104,의문,6,,,
1105,이득,6,,,
1106,이하,6,,,
1107,인척,6,,,
1108,일러레,6,,,
1109,일반,6,,,
1110,자고,6,,,
1111,자리,6,,,
1112,자본주의,6,,,
1113,작가,6,,,
1114,잡,6,,,
1115,장면,6,,,
1116,장악,6,,,
1117,잼민,6,,,
1118,저건,6,,,
1119,저리,6,,,
1120,적대,6,,,
1121,전범,6,,,
1122,전선,6,,,
1123,전시,6,,,
1124,전파,6,,,
1125,정,6,,,
1126,정답,6,,,
1127,정통,6,,,
1128,젖꼭지,6,,,
1129,존중,6,,,
1130,종족,6,,,
1131,주가,6,,,
1132,중국대륙,6,,,
1133,중임,6,,,
1134,쥐,6,,,
1135,지경,6,,,
1136,지령,6,,,
1137,지식인,6,,,
1138,직원,6,,,
1139,진시황,6,,,
1140,진작,6,,,
1141,진정,6,,,
1142,짐,6,,,
1143,참여,6,,,
1144,참전,6,,,
1145,창,6,,,
1146,최,6,,,
1147,충,6,,,
1148,칼,6,,,
1149,콜라보,6,,,
1150,탈취,6,,,
1151,태권도,6,,,
1152,태그,6,,,
1153,태양광,6,,,
1154,태평양,6,,,
1155,토,6,,,
1156,틀,6,,,
1157,티,6,,,
1158,파악,6,,,
1159,페미,6,,,
1160,페이,6,,,
1161,폭탄,6,,,
1162,풍습,6,,,
1163,한가지,6,,,
1164,한류,6,,,
1165,할리,6,,,
1166,항의,6,,,
1167,항쟁,6,,,
1168,핵폭탄,6,,,
1169,협박,6,,,
1170,호가,6,,,
1171,호구,6,,,
1172,화교,6,,,
1173,후예,6,,,
1174,덩샤오핑,6,,,
1175,각종,5,,,
1176,갈등,5,,,
1177,강화,5,,,
1178,개사,5,,,
1179,객관,5,,,
1180,건물,5,,,
1181,경고,5,,,
1182,경인,5,,,
1183,경험,5,,,
1184,고민,5,,,
1185,곰돌이푸,5,,,
1186,공작,5,,,
1187,관,5,,,
1188,관광,5,,,
1189,광장,5,,,
1190,교수,5,,,
1191,구석,5,,,
1192,군사력,5,,,
1193,귀,5,,,
1194,그날,5,,,
1195,그룹,5,,,
1196,그리스,5,,,
1197,까딱,5,,,
1198,깨문,5,,,
1199,나이,5,,,
1200,남자,5,,,
1201,내면,5,,,
1202,대규모,5,,,
1203,대선,5,,,
1204,대약진운동,5,,,
1205,대책,5,,,
1206,대첩,5,,,
1207,댓,5,,,
1208,덩치,5,,,
1209,도배,5,,,
1210,도서관,5,,,
1211,독자,5,,,
1212,동네,5,,,
1213,동시,5,,,
1214,둘리,5,,,
1215,라이,5,,,
1216,로마,5,,,
1217,로마제국,5,,,
1218,류샤오보,5,,,
1219,리뷰,5,,,
1220,만행,5,,,
1221,말임,5,,,
1222,망건,5,,,
1223,매번,5,,,
1224,맥아더,5,,,
1225,먹기,5,,,
1226,멸공,5,,,
1227,명분,5,,,
1228,모방,5,,,
1229,모자,5,,,
1230,무기,5,,,
1231,문물,5,,,
1232,미디어,5,,,
1233,민족성,5,,,
1234,바다,5,,,
1235,바닥,5,,,
1236,바지,5,,,
1237,박정희,5,,,
1238,발달,5,,,
1239,발생,5,,,
1240,방문,5,,,
1241,방향,5,,,
1242,백두산,5,,,
1243,백제,5,,,
1244,변질,5,,,
1245,병자호란,5,,,
1246,보시,5,,,
1247,보유,5,,,
1248,보임,5,,,
1249,복도,5,,,
1250,복사,5,,,
1251,본적,5,,,
1252,부동산,5,,,
1253,부정선거,5,,,
1254,부패,5,,,
1255,북,5,,,
1256,분명,5,,,
1257,분위기,5,,,
1258,분탕,5,,,
1259,불교,5,,,
1260,비교,5,,,
1261,사리,5,,,
1262,사마의,5,,,
1263,사방,5,,,
1264,사탕,5,,,
1265,산,5,,,
1266,산화,5,,,
1267,삽화,5,,,
1268,생기,5,,,
1269,생활,5,,,
1270,선거,5,,,
1271,선수,5,,,
1272,성우,5,,,
1273,셋,5,,,
1274,소멸,5,,,
1275,소프트파워,5,,,
1276,손해,5,,,
1277,송나라,5,,,
1278,수년,5,,,
1279,수용,5,,,
1280,순수,5,,,
1281,순위,5,,,
1282,스킵,5,,,
1283,스테이,5,,,
1284,습,5,,,
1285,신라,5,,,
1286,신뢰,5,,,
1287,실명,5,,,
1288,실험,5,,,
1289,썸네일,5,,,
1290,아들,5,,,
1291,아빠,5,,,
1292,아웃트,5,,,
1293,아이템,5,,,
1294,안하무인,5,,,
1295,암세포,5,,,
1296,약탈,5,,,
1297,어림,5,,,
1298,어머니,5,,,
1299,어플,5,,,
1300,얼굴,5,,,
1301,업체,5,,,
1302,여야,5,,,
1303,연변,5,,,
1304,영어권,5,,,
1305,영웅,5,,,
1306,예상,5,,,
1307,오픈,5,,,
1308,올해,5,,,
1309,왜구,5,,,
1310,왼쪽,5,,,
1311,요구,5,,,
1312,요새,5,,,
1313,요하문명,5,,,
1314,우길,5,,,
1315,우리땅,5,,,
1316,우주,5,,,
1317,웃음,5,,,
1318,위아래,5,,,
1319,위키,5,,,
1320,유구,5,,,
1321,유니클로,5,,,
1322,의지,5,,,
1323,이나라,5,,,
1324,이란,5,,,
1325,인민해방군,5,,,
1326,인생,5,,,
1327,인스타,5,,,
1328,일만,5,,,
1329,일반인,5,,,
1330,일상,5,,,
1331,일제,5,,,
1332,자치구,5,,,
1333,저출산,5,,,
1334,전국,5,,,
1335,정치권,5,,,
1336,제갈량,5,,,
1337,제기,5,,,
1338,제제,5,,,
1339,조선시대,5,,,
1340,종,5,,,
1341,종이,5,,,
1342,주류,5,,,
1343,주위,5,,,
1344,주작,5,,,
1345,죽음,5,,,
1346,준비,5,,,
1347,줌,5,,,
1348,중공군,5,,,
1349,중뽕,5,,,
1350,지능,5,,,
1351,지대,5,,,
1352,지방,5,,,
1353,짱깨,5,,,
1354,쭝궈,5,,,
1355,참깨,5,,,
1356,추구,5,,,
1357,추측,5,,,
1358,춘장,5,,,
1359,충격,5,,,
1360,친일,5,,,
1361,침투,5,,,
1362,침해,5,,,
1363,카카오,5,,,
1364,콩,5,,,
1365,태극기,5,,,
1366,테,5,,,
1367,투자,5,,,
1368,투표,5,,,
1369,파시즘,5,,,
1370,파오,5,,,
1371,판매,5,,,
1372,팬더,5,,,
1373,풀,5,,,
1374,피자,5,,,
1375,피해자,5,,,
1376,필리핀,5,,,
1377,학교,5,,,
1378,학자,5,,,
1379,한국사,5,,,
1380,한나라,5,,,
1381,한민족,5,,,
1382,한중,5,,,
1383,한지,5,,,
1384,한참,5,,,
1385,한편,5,,,
1386,허가,5,,,
1387,현질,5,,,
1388,형태,5,,,
1389,호불호,5,,,
1390,혹,5,,,
1391,확장,5,,,
1392,훠궈,5,,,
1393,가나,4,,,
1394,가온,4,,,
1395,가치,4,,,
1396,간만,4,,,
1397,간섭,4,,,
1398,갈기갈기,4,,,
1399,감사,4,,,
1400,감상,4,,,
1401,갑,4,,,
1402,강간,4,,,
1403,강국,4,,,
1404,개발자,4,,,
1405,개방,4,,,
1406,거인,4,,,
1407,겉,4,,,
1408,결속,4,,,
1409,겹,4,,,
1410,고문,4,,,
1411,고요,4,,,
1412,고정,4,,,
1413,고해,4,,,
1414,공공,4,,,
1415,공연,4,,,
1416,공인,4,,,
1417,공카,4,,,
1418,과정,4,,,
1419,과학,4,,,
1420,관리,4,,,
1421,교복,4,,,
1422,구나,4,,,
1423,구라,4,,,
1424,구원,4,,,
1425,구조,4,,,
1426,국가주석,4,,,
1427,국제사회,4,,,
1428,굴,4,,,
1429,그네,4,,,
1430,극혐,4,,,
1431,근대화,4,,,
1432,기간,4,,,
1433,기대,4,,,
1434,기전,4,,,
1435,기준,4,,,
1436,깜짝,4,,,
1437,깽,4,,,
1438,끌,4,,,
1439,나발,4,,,
1440,나찌,4,,,
1441,납치,4,,,
1442,노노,4,,,
1443,노답,4,,,
1444,노래,4,,,
1445,노력,4,,,
1446,노스,4,,,
1447,논,4,,,
1448,능지,4,,,
1449,달달,4,,,
1450,담당,4,,,
1451,답글,4,,,
1452,답변,4,,,
1453,당근,4,,,
1454,대거,4,,,
1455,대리,4,,,
1456,대적,4,,,
1457,대학,4,,,
1458,더빙,4,,,
1459,도입,4,,,
1460,독재자,4,,,
1461,동남아,4,,,
1462,동맹,4,,,
1463,동물,4,,,
1464,동생,4,,,
1465,동참,4,,,
1466,돼지,4,,,
1467,뒤통수,4,,,
1468,땜,4,,,
1469,떡,4,,,
1470,떼놈,4,,,
1471,뜬금,4,,,
1472,루리웹,4,,,
1473,리지,4,,,
1474,마을,4,,,
1475,만물,4,,,
1476,만화,4,,,
1477,망,4,,,
1478,매체,4,,,
1479,맨손,4,,,
1480,멸만흥한,4,,,
1481,몇몇,4,,,
1482,무력,4,,,
1483,무릎,4,,,
1484,무술,4,,,
1485,문구,4,,,
1486,미개,4,,,
1487,밀리,4,,,
1488,바퀴,4,,,
1489,박멸,4,,,
1490,박아,4,,,
1491,박해,4,,,
1492,반,4,,,
1493,반발,4,,,
1494,발표,4,,,
1495,밤,4,,,
1496,방사,4,,,
1497,방식,4,,,
1498,배우,4,,,
1499,법안,4,,,
1500,벽화,4,,,
1501,병크,4,,,
1502,보이지,4,,,
1503,보호,4,,,
1504,복의,4,,,
1505,부서,4,,,
1506,부적,4,,,
1507,부흥,4,,,
1508,북괴,4,,,
1509,북조선,4,,,
1510,분해,4,,,
1511,불공정,4,,,
1512,븅,4,,,
1513,브금,4,,,
1514,비유,4,,,
1515,빅히트,4,,,
1516,빛,4,,,
1517,빠,4,,,
1518,뼛속,4,,,
1519,사기,4,,,
1520,사령관,4,,,
1521,사의,4,,,
1522,사장,4,,,
1523,삭,4,,,
1524,삶,4,,,
1525,삼성,4,,,
1526,상의,4,,,
1527,상하이,4,,,
1528,생,4,,,
1529,생산,4,,,
1530,서울,4,,,
1531,성립,4,,,
1532,성병,4,,,
1533,소개,4,,,
1534,소매,4,,,
1535,소원,4,,,
1536,소주,4,,,
1537,손가락,4,,,
1538,수익,4,,,
1539,수작,4,,,
1540,쉬,4,,,
1541,스토리,4,,,
1542,스파게티,4,,,
1543,시리즈,4,,,
1544,시스템,4,,,
1545,시체,4,,,
1546,신분,4,,,
1547,실시간,4,,,
1548,심보,4,,,
1549,씨름,4,,,
1550,아가리,4,,,
1551,아이러니,4,,,
1552,아이폰,4,,,
1553,아저씨,4,,,
1554,아포칼립스,4,,,
1555,악인,4,,,
1556,애가,4,,,
1557,양,4,,,
1558,양복,4,,,
1559,양질,4,,,
1560,업데이트,4,,,
1561,여가부,4,,,
1562,여당,4,,,
1563,여인,4,,,
1564,여지,4,,,
1565,역자,4,,,
1566,연예인,4,,,
1567,열병,4,,,
1568,열폭,4,,,
1569,옴,4,,,
1570,완벽,4,,,
1571,외교부,4,,,
1572,용,4,,,
1573,우려,4,,,
1574,우회,4,,,
1575,월급,4,,,
1576,유입,4,,,
1577,유출,4,,,
1578,유학,4,,,
1579,은나라,4,,,
1580,음모론,4,,,
1581,읍읍,4,,,
1582,의거,4,,,
1583,의류,4,,,
1584,이나,4,,,
1585,이빨,4,,,
1586,이슬람,4,,,
1587,이외,4,,,
1588,이의,4,,,
1589,이틀,4,,,
1590,이해도,4,,,
1591,인력,4,,,
1592,인증,4,,,
1593,일제시대,4,,,
1594,일진,4,,,
1595,일체,4,,,
1596,임마,4,,,
1597,입꾹,4,,,
1598,자네,4,,,
1599,자부심,4,,,
1600,자식,4,,,
1601,자연,4,,,
1602,작,4,,,
1603,작성,4,,,
1604,잠식,4,,,
1605,장군,4,,,
1606,장기,4,,,
1607,장난,4,,,
1608,재창,4,,,
1609,저쪽,4,,,
1610,적반하장,4,,,
1611,전두환,4,,,
1612,전설,4,,,
1613,전승,4,,,
1614,전이,4,,,
1615,정상인,4,,,
1616,정식,4,,,
1617,제국,4,,,
1618,제사,4,,,
1619,조각,4,,,
1620,조심,4,,,
1621,조치,4,,,
1622,족,4,,,
1623,족속,4,,,
1624,종결,4,,,
1625,주문,4,,,
1626,주적,4,,,
1627,주택,4,,,
1628,중구,4,,,
1629,중국말,4,,,
1630,중앙,4,,,
1631,중이,4,,,
1632,중혐,4,,,
1633,중화문,4,,,
1634,증오,4,,,
1635,지나,4,,,
1636,지인,4,,,
1637,지하,4,,,
1638,직업,4,,,
1639,진출,4,,,
1640,질도,4,,,
1641,집착,4,,,
1642,짜증,4,,,
1643,짝,4,,,
1644,짤,4,,,
1645,짬뽕,4,,,
1646,차이니즈,4,,,
1647,착각,4,,,
1648,착죽,4,,,
1649,착취,4,,,
1650,참새,4,,,
1651,책임,4,,,
1652,처리,4,,,
1653,철학,4,,,
1654,청년,4,,,
1655,청소,4,,,
1656,체면,4,,,
1657,초월,4,,,
1658,초한지,4,,,
1659,총,4,,,
1660,최강,4,,,
1661,최대,4,,,
1662,최소,4,,,
1663,출산,4,,,
1664,출처,4,,,
1665,취두부,4,,,
1666,취소,4,,,
1667,취하,4,,,
1668,친일파,4,,,
1669,칠,4,,,
1670,칭찬,4,,,
1671,카피,4,,,
1672,커서,4,,,
1673,코,4,,,
1674,쿼드,4,,,
1675,타격,4,,,
1676,태운,4,,,
1677,택배,4,,,
1678,토착,4,,,
1679,통계,4,,,
1680,통치,4,,,
1681,트윗,4,,,
1682,특성,4,,,
1683,판이,4,,,
1684,팩폭,4,,,
1685,페이몬,4,,,
1686,편안,4,,,
1687,평가,4,,,
1688,폐기,4,,,
1689,포지션,4,,,
1690,표명,4,,,
1691,표본,4,,,
1692,표시,4,,,
1693,표절,4,,,
1694,프로듀서,4,,,
1695,플레이,4,,,
1696,하리,4,,,
1697,하사,4,,,
1698,학생,4,,,
1699,한계,4,,,
1700,할머니,4,,,
1701,합류,4,,,
1702,합리,4,,,
1703,합방,4,,,
1704,합병,4,,,
1705,해방,4,,,
1706,핵무기,4,,,
1707,핵심,4,,,
1708,햄버거,4,,,
1709,햇,4,,,
1710,행태,4,,,
1711,허구,4,,,
1712,헤헤,4,,,
1713,혐,4,,,
1714,협력,4,,,
1715,형도,4,,,
1716,홍산,4,,,
1717,화약,4,,,
1718,화웨이,4,,,
1719,확률,4,,,
1720,환빠,4,,,
1721,황사,4,,,
1722,황하문명,4,,,
1723,모택통,4,,,
1724,가관,3,,,
1725,가득,3,,,
1726,가라,3,,,
1727,가정,3,,,
1728,각각,3,,,
1729,간부,3,,,
1730,간첩,3,,,
1731,감동,3,,,
1732,강경,3,,,
1733,강도,3,,,
1734,개꿀,3,,,
1735,개똥,3,,,
1736,개발도상국,3,,,
1737,개븅신,3,,,
1738,개정,3,,,
1739,거대,3,,,
1740,거름,3,,,
1741,거만,3,,,
1742,거품,3,,,
1743,건강,3,,,
1744,게임광,3,,,
1745,격,3,,,
1746,경제력,3,,,
1747,경찰,3,,,
1748,계승,3,,,
1749,계통,3,,,
1750,고로,3,,,
1751,고증,3,,,
1752,고통,3,,,
1753,고함,3,,,
1754,곤룡포,3,,,
1755,곳곳,3,,,
1756,공개,3,,,
1757,공국,3,,,
1758,공동,3,,,
1759,공자묘,3,,,
1760,공중,3,,,
1761,공통,3,,,
1762,관광객,3,,,
1763,관람,3,,,
1764,관점,3,,,
1765,관해,3,,,
1766,광주,3,,,
1767,괴뢰,3,,,
1768,교훈,3,,,
1769,구경,3,,,
1770,구로,3,,,
1771,구매,3,,,
1772,구별,3,,,
1773,구시대,3,,,
1774,국격,3,,,
1775,국경,3,,,
1776,국공내전,3,,,
1777,국도,3,,,
1778,국물,3,,,
1779,국위,3,,,
1780,국익,3,,,
1781,군복,3,,,
1782,귀족,3,,,
1783,그땐,3,,,
1784,그릇,3,,,
1785,극좌,3,,,
1786,근성,3,,,
1787,근원,3,,,
1788,근처,3,,,
1789,글섭,3,,,
1790,금,3,,,
1791,급상승,3,,,
1792,긍정,3,,,
1793,기만,3,,,
1794,기황후,3,,,
1795,깝,3,,,
1796,껀바이껀,3,,,
1797,꼴통,3,,,
1798,낄낄,3,,,
1799,나무,3,,,
1800,나인,3,,,
1801,날조,3,,,
1802,남바,3,,,
1803,남아,3,,,
1804,남침,3,,,
1805,내내,3,,,
1806,내년,3,,,
1807,내일,3,,,
1808,내장,3,,,
1809,낼,3,,,
1810,노무현,3,,,
1811,노자,3,,,
1812,니콘,3,,,
1813,다문화,3,,,
1814,단군,3,,,
1815,단순,3,,,
1816,단추,3,,,
1817,당면,3,,,
1818,대기업,3,,,
1819,대도,3,,,
1820,대면,3,,,
1821,대중,3,,,
1822,대학교,3,,,
1823,대화,3,,,
1824,도주,3,,,
1825,독재정,3,,,
1826,독제,3,,,
1827,돌대가리,3,,,
1828,돌이,3,,,
1829,동이족,3,,,
1830,동정,3,,,
1831,동포,3,,,
1832,두부,3,,,
1833,드릴,3,,,
1834,듣기,3,,,
1835,등재,3,,,
1836,따름,3,,,
1837,떼,3,,,
1838,똑똑,3,,,
1839,뚝배기,3,,,
1840,러,3,,,
1841,레알,3,,,
1842,로비,3,,,
1843,론,3,,,
1844,리더,3,,,
1845,린다,3,,,
1846,마련,3,,,
1847,마르크스,3,,,
1848,마리,3,,,
1849,막말,3,,,
1850,막상,3,,,
1851,만국,3,,,
1852,만이,3,,,
1853,말총,3,,,
1854,망상,3,,,
1855,망신,3,,,
1856,매너,3,,,
1857,맥,3,,,
1858,먹튀,3,,,
1859,메,3,,,
1860,메뚜기,3,,,
1861,멤버,3,,,
1862,멸족,3,,,
1863,명복,3,,,
1864,명시,3,,,
1865,명예,3,,,
1866,명칭,3,,,
1867,모가지,3,,,
1868,모이,3,,,
1869,모임,3,,,
1870,목걸이,3,,,
1871,무서움,3,,,
1872,무지,3,,,
1873,묵살,3,,,
1874,문장,3,,,
1875,문체부,3,,,
1876,문헌,3,,,
1877,물량,3,,,
1878,물리,3,,,
1879,뭐시기,3,,,
1880,민,3,,,
1881,민간인,3,,,
1882,민심,3,,,
1883,바이,3,,,
1884,바치,3,,,
1885,박쥐,3,,,
1886,반동,3,,,
1887,반만년,3,,,
1888,반미,3,,,
1889,발끈,3,,,
1890,발해,3,,,
1891,밥그릇,3,,,
1892,방계,3,,,
1893,방관,3,,,
1894,배달,3,,,
1895,배상,3,,,
1896,배척,3,,,
1897,배치,3,,,
1898,배틀,3,,,
1899,백,3,,,
1900,백인,3,,,
1901,버전,3,,,
1902,번역기,3,,,
1903,번호,3,,,
1904,범죄,3,,,
1905,보장,3,,,
1906,복색,3,,,
1907,본국,3,,,
1908,봉사,3,,,
1909,부리,3,,,
1910,부모,3,,,
1911,부모님,3,,,
1912,부순,3,,,
1913,부여,3,,,
1914,부인,3,,,
1915,부자,3,,,
1916,부탁,3,,,
1917,북침,3,,,
1918,분자,3,,,
1919,불똥,3,,,
1920,불타,3,,,
1921,브랜드,3,,,
1922,비거,3,,,
1923,비상식량,3,,,
1924,비정상,3,,,
1925,비정상회담,3,,,
1926,비호,3,,,
1927,빈,3,,,
1928,빡빡,3,,,
1929,빡종,3,,,
1930,빵,3,,,
1931,빼기,3,,,
1932,뻐킹,3,,,
1933,뻥,3,,,
1934,사도,3,,,
1935,사발,3,,,
1936,사스,3,,,
1937,사신,3,,,
1938,사이버,3,,,
1939,사전예약,3,,,
1940,사탄,3,,,
1941,살기,3,,,
1942,살인,3,,,
1943,살인자,3,,,
1944,살짝,3,,,
1945,삽질,3,,,
1946,상사,3,,,
1947,상종,3,,,
1948,생명,3,,,
1949,샤오미,3,,,
1950,서바이벌,3,,,
1951,서유기,3,,,
1952,석유,3,,,
1953,석유화학,3,,,
1954,선도,3,,,
1955,선비족,3,,,
1956,선전포고,3,,,
1957,선진국,3,,,
1958,설득,3,,,
1959,설립,3,,,
1960,설설,3,,,
1961,섬나라,3,,,
1962,성리학,3,,,
1963,성명,3,,,
1964,성서,3,,,
1965,성의,3,,,
1966,세종대왕,3,,,
1967,섹스,3,,,
1968,소,3,,,
1969,소각,3,,,
1970,소비자,3,,,
1971,소식,3,,,
1972,소용,3,,,
1973,소유,3,,,
1974,소전,3,,,
1975,손아귀,3,,,
1976,손흥민,3,,,
1977,수뇌부,3,,,
1978,수능,3,,,
1979,수단,3,,,
1980,수만,3,,,
1981,수치,3,,,
1982,수탈,3,,,
1983,순식간,3,,,
1984,술,3,,,
1985,스카이,3,,,
1986,스타,3,,,
1987,스트레스,3,,,
1988,스팀,3,,,
1989,승자,3,,,
1990,시나리오,3,,,
1991,시신,3,,,
1992,시초,3,,,
1993,시험,3,,,
1994,식민,3,,,
1995,식이,3,,,
1996,신발,3,,,
1997,실,3,,,
1998,실력,3,,,
1999,실리,3,,,
2000,실망,3,,,
2001,쌍,3,,,
2002,쌍욕,3,,,
2003,썸넬,3,,,
2004,쏙,3,,,
2005,쓰기,3,,,
2006,쓰레기통,3,,,
2007,쓸모,3,,,
2008,씨앗,3,,,
2009,아대,3,,,
2010,아동,3,,,
2011,아오자이,3,,,
2012,아웃,3,,,
2013,아침,3,,,
2014,악당,3,,,
2015,안나,3,,,
2016,안달,3,,,
2017,안심,3,,,
2018,알리바바,3,,,
2019,압력,3,,,
2020,앞뒤,3,,,
2021,애기,3,,,
2022,야동,3,,,
2023,약소국,3,,,
2024,양반,3,,,
2025,양보,3,,,
2026,양쪽,3,,,
2027,어의,3,,,
2028,어처구니,3,,,
2029,억지,3,,,
2030,여러가지,3,,,
2031,역사관,3,,,
2032,역사학자,3,,,
2033,연결,3,,,
2034,연대,3,,,
2035,연락,3,,,
2036,연합군,3,,,
2037,열강,3,,,
2038,영혼,3,,,
2039,예시,3,,,
2040,오늘날,3,,,
2041,오리,3,,,
2042,오프닝,3,,,
2043,오해,3,,,
2044,온건,3,,,
2045,온라인,3,,,
2046,올드선,3,,,
2047,와우,3,,,
2048,왈,3,,,
2049,외면,3,,,
2050,요가,3,,,
2051,요소,3,,,
2052,욕설,3,,,
2053,욬,3,,,
2054,우민화,3,,,
2055,우방,3,,,
2056,우선,3,,,
2057,우승,3,,,
2058,운,3,,,
2059,원년,3,,,
2060,원류,3,,,
2061,원폭,3,,,
2062,위인,3,,,
2063,유대인,3,,,
2064,유도,3,,,
2065,유머,3,,,
2066,유명,3,,,
2067,유언비어,3,,,
2068,유적,3,,,
2069,유통,3,,,
2070,의도,3,,,
2071,이념,3,,,
2072,이데올로기,3,,,
2073,이윤,3,,,
2074,이집트,3,,,
2075,이참,3,,,
2076,인대,3,,,
2077,인류사,3,,,
2078,인민군,3,,,
2079,인원,3,,,
2080,인지도,3,,,
2081,일당,3,,,
2082,일일,3,,,
2083,일제강점기,3,,,
2084,임진왜란,3,,,
2085,입지,3,,,
2086,자긍심,3,,,
2087,자라,3,,,
2088,자멸,3,,,
2089,자문,3,,,
2090,자삭,3,,,
2091,자처,3,,,
2092,자치통감,3,,,
2093,작전,3,,,
2094,작품,3,,,
2095,잡것,3,,,
2096,장,3,,,
2097,장관,3,,,
2098,장기매매,3,,,
2099,장점,3,,,
2100,장창,3,,,
2101,재벌,3,,,
2102,쟁취,3,,,
2103,저항,3,,,
2104,저희,3,,,
2105,적군,3,,,
2106,전문가,3,,,
2107,전반,3,,,
2108,전역,3,,,
2109,전염병,3,,,
2110,전직,3,,,
2111,정세,3,,,
2112,정신승리,3,,,
2113,제거,3,,,
2114,제공,3,,,
2115,제로,3,,,
2116,제작자,3,,,
2117,제출,3,,,
2118,제한,3,,,
2119,조롱,3,,,
2120,조선인,3,,,
2121,조조,3,,,
2122,조직,3,,,
2123,존,3,,,
2124,존엄성,3,,,
2125,종일,3,,,
2126,종종,3,,,
2127,종주국,3,,,
2128,종특,3,,,
2129,좌,3,,,
2130,주권,3,,,
2131,주기,3,,,
2132,주도,3,,,
2133,주인공,3,,,
2134,중국군,3,,,
2135,중국드라마,3,,,
2136,중국음식,3,,,
2137,중국화,3,,,
2138,중단,3,,,
2139,중동,3,,,
2140,중복,3,,,
2141,중인,3,,,
2142,중하,3,,,
2143,즁국,3,,,
2144,증가,3,,,
2145,증명,3,,,
2146,지구촌,3,,,
2147,지들껀,3,,,
2148,지부,3,,,
2149,지속,3,,,
2150,지원,3,,,
2151,지지자,3,,,
2152,지침,3,,,
2153,직계,3,,,
2154,직시,3,,,
2155,진리,3,,,
2156,진영,3,,,
2157,진절머리,3,,,
2158,진행형,3,,,
2159,질투,3,,,
2160,쭉,3,,,
2161,쭝꾹,3,,,
2162,쭝꿔,3,,,
2163,차량,3,,,
2164,찬,3,,,
2165,채팅,3,,,
2166,처신,3,,,
2167,천재,3,,,
2168,천지,3,,,
2169,첨,3,,,
2170,청와대,3,,,
2171,체계,3,,,
2172,체조,3,,,
2173,초반,3,,,
2174,최악,3,,,
2175,추,3,,,
2176,추억,3,,,
2177,추진,3,,,
2178,축,3,,,
2179,축하,3,,,
2180,출동,3,,,
2181,춤,3,,,
2182,층,3,,,
2183,치기,3,,,
2184,치마,3,,,
2185,치부,3,,,
2186,친미,3,,,
2187,친북,3,,,
2188,침,3,,,
2189,캐릭,3,,,
2190,컨트롤,3,,,
2191,컴퍼니,3,,,
2192,코로,3,,,
2193,클라스,3,,,
2194,킴치,3,,,
2195,킹덤,3,,,
2196,태도,3,,,
2197,택동이,3,,,
2198,텐션,3,,,
2199,톈안먼,3,,,
2200,퇴사,3,,,
2201,투쟁,3,,,
2202,트럭,3,,,
2203,트롤,3,,,
2204,트집,3,,,
2205,특,3,,,
2206,틱톡,3,,,
2207,파생,3,,,
2208,파워,3,,,
2209,판국,3,,,
2210,판사,3,,,
2211,팔면,3,,,
2212,패배,3,,,
2213,패치,3,,,
2214,퍼센트,3,,,
2215,페북,3,,,
2216,페이스북,3,,,
2217,편이,3,,,
2218,평소,3,,,
2219,폭,3,,,
2220,폭력,3,,,
2221,폰,3,,,
2222,풀발,3,,,
2223,품위,3,,,
2224,프레임,3,,,
2225,프로젝트,3,,,
2226,피라미드,3,,,
2227,필,3,,,
2228,필수,3,,,
2229,핑,3,,,
2230,하이라이트,3,,,
2231,학부모,3,,,
2232,학회,3,,,
2233,한미,3,,,
2234,한쪽,3,,,
2235,한텐,3,,,
2236,한판,3,,,
2237,항문,3,,,
2238,항미원조전쟁,3,,,
2239,해석,3,,,
2240,해악,3,,,
2241,해주,3,,,
2242,해체,3,,,
2243,허재,3,,,
2244,현상,3,,,
2245,협상,3,,,
2246,홍치제,3,,,
2247,환,3,,,
2248,황당,3,,,
2249,황하,3,,,
2250,회장,3,,,
2251,횟수,3,,,
2252,효과,3,,,
2253,효도,3,,,
2254,후진국,3,,,
2255,후카,3,,,
2256,훅,3,,,
2257,훠,3,,,
2258,훼손,3,,,
2259,흔적,3,,,
2260,흠,3,,,
2261,히틀러,3,,,
2262,힐링,3,,,
2263,쩌뚱,3,,,
2264,가공,2,,,
2265,가능,2,,,
2266,가도,2,,,
2267,가설,2,,,
2268,가스,2,,,
2269,가오,2,,,
2270,가챠,2,,,
2271,각국,2,,,
2272,각심,2,,,
2273,각자,2,,,
2274,간접,2,,,
2275,간지,2,,,
2276,갈이,2,,,
2277,감기,2,,,
2278,감당,2,,,
2279,감독,2,,,
2280,감성,2,,,
2281,감시,2,,,
2282,감염,2,,,
2283,강간범,2,,,
2284,강조,2,,,
2285,개구리,2,,,
2286,개량,2,,,
2287,개멋,2,,,
2288,개무시,2,,,
2289,개뿔,2,,,
2290,개속,2,,,
2291,개수,2,,,
2292,개인주의,2,,,
2293,개잡,2,,,
2294,개제,2,,,
2295,개최,2,,,
2296,개표,2,,,
2297,개혁,2,,,
2298,거구,2,,,
2299,거론,2,,,
2300,거림,2,,,
2301,거부,2,,,
2302,거역,2,,,
2303,거울,2,,,
2304,거저,2,,,
2305,거주,2,,,
2306,건륭제,2,,,
2307,건설,2,,,
2308,검거,2,,,
2309,검증,2,,,
2310,게거품,2,,,
2311,게이,2,,,
2312,격감,2,,,
2313,격인,2,,,
2314,결과물,2,,,
2315,결혼,2,,,
2316,경도,2,,,
2317,경력,2,,,
2318,경제권,2,,,
2319,계몽사상,2,,,
2320,계산,2,,,
2321,계세,2,,,
2322,계시,2,,,
2323,계열,2,,,
2324,고개,2,,,
2325,고관,2,,,
2326,고물,2,,,
2327,고수,2,,,
2328,고용,2,,,
2329,고이,2,,,
2330,고집,2,,,
2331,고향,2,,,
2332,곤충,2,,,
2333,골드,2,,,
2334,골수,2,,,
2335,곰,2,,,
2336,공기,2,,,
2337,공산품,2,,,
2338,공통점,2,,,
2339,공포,2,,,
2340,과도,2,,,
2341,과시,2,,,
2342,관계자,2,,,
2343,관념,2,,,
2344,관람객,2,,,
2345,관료,2,,,
2346,관우,2,,,
2347,광개토대왕,2,,,
2348,광기,2,,,
2349,광복,2,,,
2350,괴,2,,,
2351,괴뢰정부,2,,,
2352,괴물,2,,,
2353,구가,2,,,
2354,구동,2,,,
2355,구만,2,,,
2356,구멍,2,,,
2357,구실,2,,,
2358,구역질,2,,,
2359,구절,2,,,
2360,구지,2,,,
2361,국가원수,2,,,
2362,국민당,2,,,
2363,국민성,2,,,
2364,국방,2,,,
2365,국방력,2,,,
2366,국보,2,,,
2367,국사,2,,,
2368,국전,2,,,
2369,국정원,2,,,
2370,국화,2,,,
2371,군,2,,,
2372,군림,2,,,
2373,군신,2,,,
2374,군인,2,,,
2375,굴리,2,,,
2376,굴복,2,,,
2377,굿,2,,,
2378,권,2,,,
2379,귀속,2,,,
2380,귀인,2,,,
2381,귀하,2,,,
2382,그래프,2,,,
2383,극히,2,,,
2384,근간,2,,,
2385,근래,2,,,
2386,글씨,2,,,
2387,글케,2,,,
2388,금방,2,,,
2389,기근,2,,,
2390,기기,2,,,
2391,기능,2,,,
2392,기름,2,,,
2393,기물,2,,,
2394,기반,2,,,
2395,기승,2,,,
2396,기여,2,,,
2397,기와,2,,,
2398,기원전,2,,,
2399,기점,2,,,
2400,기정,2,,,
2401,기조,2,,,
2402,기질,2,,,
2403,기초,2,,,
2404,기획사,2,,,
2405,긴급,2,,,
2406,김구,2,,,
2407,김일성,2,,,
2408,김정은,2,,,
2409,깔깔,2,,,
2410,깜,2,,,
2411,꼬맹이,2,,,
2412,꼬접,2,,,
2413,꼬투리,2,,,
2414,꼽자,2,,,
2415,꿀꺽,2,,,
2416,꿀잼,2,,,
2417,끄덕,2,,,
2418,끈,2,,,
2419,나갓,2,,,
2420,나관중,2,,,
2421,나치당,2,,,
2422,나치즘,2,,,
2423,나토,2,,,
2424,낙타,2,,,
2425,낚시,2,,,
2426,난건,2,,,
2427,난징대학살,2,,,
2428,남북,2,,,
2429,남일,2,,,
2430,남중국해,2,,,
2431,납득,2,,,
2432,내몽고,2,,,
2433,내전,2,,,
2434,냄비,2,,,
2435,네덜란드,2,,,
2436,네오플,2,,,
2437,넷마블,2,,,
2438,넷상,2,,,
2439,녀석,2,,,
2440,노골,2,,,
2441,노릇,2,,,
2442,노리,2,,,
2443,노선,2,,,
2444,논의,2,,,
2445,논쟁,2,,,
2446,놀이,2,,,
2447,뇌물,2,,,
2448,뉘앙스,2,,,
2449,뉴질랜드,2,,,
2450,능력자,2,,,
2451,늬들,2,,,
2452,닉,2,,,
2453,닉값,2,,,
2454,닉네임,2,,,
2455,다롄,2,,,
2456,다민족국가,2,,,
2457,단속,2,,,
2458,단일,2,,,
2459,단절,2,,,
2460,단정,2,,,
2461,달님,2,,,
2462,닭,2,,,
2463,당원,2,,,
2464,당일,2,,,
2465,당하,2,,,
2466,당한,2,,,
2467,당혹,2,,,
2468,대결,2,,,
2469,대기,2,,,
2470,대답,2,,,
2471,대리인,2,,,
2472,대만인,2,,,
2473,대문,2,,,
2474,대박,2,,,
2475,대반,2,,,
2476,대성공,2,,,
2477,대약진,2,,,
2478,대유행,2,,,
2479,대접,2,,,
2480,대조,2,,,
2481,대판,2,,,
2482,대회,2,,,
2483,댁,2,,,
2484,덜덜,2,,,
2485,덤,2,,,
2486,덧글,2,,,
2487,데이터,2,,,
2488,도로,2,,,
2489,도시,2,,,
2490,도시전설,2,,,
2491,도안,2,,,
2492,도용,2,,,
2493,도피,2,,,
2494,독립국,2,,,
2495,독립군,2,,,
2496,돌아이,2,,,
2497,동남,2,,,
2498,동맹국,2,,,
2499,동물원,2,,,
2500,동북,2,,,
2501,동북아,2,,,
2502,동북아시아,2,,,
2503,동양인,2,,,
2504,동양철학,2,,,
2505,동이,2,,,
2506,동일시,2,,,
2507,동쪽,2,,,
2508,동태,2,,,
2509,동화,2,,,
2510,두루,2,,,
2511,드레스,2,,,
2512,득세,2,,,
2513,들보,2,,,
2514,등소평,2,,,
2515,디즈니,2,,,
2516,딜량,2,,,
2517,따돌림,2,,,
2518,딸,2,,,
2519,때국,2,,,
2520,뗏놈들,2,,,
2521,뚱,2,,,
2522,라이브러리,2,,,
2523,라틴어,2,,,
2524,러쉬,2,,,
2525,러시아어,2,,,
2526,럼프형,2,,,
2527,레닌,2,,,
2528,레딧,2,,,
2529,레벨,2,,,
2530,레이,2,,,
2531,로라,2,,,
2532,로얄,2,,,
2533,로열티,2,,,
2534,룩셈부르크,2,,,
2535,룰,2,,,
2536,류큐,2,,,
2537,리메이크,2,,,
2538,리스트,2,,,
2539,리얼,2,,,
2540,린치,2,,,
2541,링,2,,,
2542,마개,2,,,
2543,마더,2,,,
2544,마스크,2,,,
2545,마자,2,,,
2546,마케팅,2,,,
2547,마크,2,,,
2548,막론,2,,,
2549,막장,2,,,
2550,막판,2,,,
2551,만력제,2,,,
2552,만인,2,,,
2553,만하,2,,,
2554,만화가,2,,,
2555,말빨,2,,,
2556,망고,2,,,
2557,망국,2,,,
2558,망정,2,,,
2559,매국,2,,,
2560,매국노,2,,,
2561,매년,2,,,
2562,매장,2,,,
2563,매출,2,,,
2564,맨트,2,,,
2565,맴,2,,,
2566,맴버,2,,,
2567,맹자,2,,,
2568,머릿속,2,,,
2569,머함,2,,,
2570,멋,2,,,
2571,메세지,2,,,
2572,메인,2,,,
2573,멸,2,,,
2574,멸시,2,,,
2575,멸종,2,,,
2576,명가,2,,,
2577,명단,2,,,
2578,명작,2,,,
2579,명중,2,,,
2580,모금,2,,,
2581,모로,2,,,
2582,모순,2,,,
2583,모씨,2,,,
2584,모형,2,,,
2585,목록,2,,,
2586,몰락,2,,,
2587,몸소,2,,,
2588,몽스,2,,,
2589,무대,2,,,
2590,무려,2,,,
2591,무리,2,,,
2592,무방,2,,,
2593,무장,2,,,
2594,무한,2,,,
2595,무협,2,,,
2596,문씨,2,,,
2597,문학,2,,,
2598,문화인,2,,,
2599,문화제,2,,,
2600,물어,2,,,
2601,물의,2,,,
2602,물이,2,,,
2603,물품,2,,,
2604,뭉치,2,,,
2605,뭣,2,,,
2606,미리,2,,,
2607,미인,2,,,
2608,미화,2,,,
2609,민국이,2,,,
2610,민아,2,,,
2611,밀착,2,,,
2612,바깥,2,,,
2613,바탕,2,,,
2614,박제,2,,,
2615,반감,2,,,
2616,반대편,2,,,
2617,반면,2,,,
2618,반역,2,,,
2619,반일감정,2,,,
2620,반한,2,,,
2621,반항,2,,,
2622,반환,2,,,
2623,발가락,2,,,
2624,발굴,2,,,
2625,발기,2,,,
2626,발동,2,,,
2627,발라,2,,,
2628,발린,2,,,
2629,발명,2,,,
2630,발사,2,,,
2631,발작,2,,,
2632,밤길,2,,,
2633,밥맛,2,,,
2634,방령,2,,,
2635,방면,2,,,
2636,방부제,2,,,
2637,방어,2,,,
2638,방이,2,,,
2639,방정,2,,,
2640,방침,2,,,
2641,방탄소년단,2,,,
2642,배틀넷,2,,,
2643,백도어,2,,,
2644,백배,2,,,
2645,버들,2,,,
2646,버튼,2,,,
2647,범,2,,,
2648,법치,2,,,
2649,베이스,2,,,
2650,벨,2,,,
2651,벨기에,2,,,
2652,변경,2,,,
2653,변태,2,,,
2654,별거,2,,,
2655,별루,2,,,
2656,병기,2,,,
2657,병자,2,,,
2658,보고서,2,,,
2659,보도,2,,,
2660,보수,2,,,
2661,보신,2,,,
2662,보이콧,2,,,
2663,보편,2,,,
2664,복구,2,,,
2665,복원,2,,,
2666,복인,2,,,
2667,복판,2,,,
2668,본격,2,,,
2669,본사,2,,,
2670,본색,2,,,
2671,본토,2,,,
2672,부사,2,,,
2673,부역,2,,,
2674,부채,2,,,
2675,부채춤,2,,,
2676,부폐,2,,,
2677,부품,2,,,
2678,부합,2,,,
2679,북경,2,,,
2680,북진,2,,,
2681,북쪽,2,,,
2682,분간,2,,,
2683,분뇨,2,,,
2684,분란,2,,,
2685,분류,2,,,
2686,분할,2,,,
2687,불문,2,,,
2688,불어,2,,,
2689,불이익,2,,,
2690,불침번,2,,,
2691,불편,2,,,
2692,불화수소,2,,,
2693,뷔페,2,,,
2694,븅신들,2,,,
2695,블로그,2,,,
2696,블자,2,,,
2697,비밀결사,2,,,
2698,비방,2,,,
2699,비상,2,,,
2700,비석,2,,,
2701,비웃음,2,,,
2702,비추가,2,,,
2703,빔,2,,,
2704,빙,2,,,
2705,빙신,2,,,
2706,빠순이,2,,,
2707,빡통,2,,,
2708,빨간색,2,,,
2709,빼박,2,,,
2710,빽빽,2,,,
2711,뻥튀기,2,,,
2712,뼈,2,,,
2713,사과문,2,,,
2714,사대부,2,,,
2715,사령,2,,,
2716,사료,2,,,
2717,사안,2,,,
2718,사열,2,,,
2719,사이비,2,,,
2720,사자성어,2,,,
2721,산국,2,,,
2722,산물,2,,,
2723,산업혁명,2,,,
2724,살길,2,,,
2725,살수대첩,2,,,
2726,살육,2,,,
2727,살해,2,,,
2728,삼고,2,,,
2729,삼국,2,,,
2730,상당수,2,,,
2731,상대방,2,,,
2732,상보,2,,,
2733,상애,2,,,
2734,상위,2,,,
2735,상인,2,,,
2736,상치,2,,,
2737,상품,2,,,
2738,상하,2,,,
2739,상한,2,,,
2740,상해,2,,,
2741,새누리당,2,,,
2742,새해,2,,,
2743,색깔,2,,,
2744,생기지,2,,,
2745,생떼,2,,,
2746,생략,2,,,
2747,생존,2,,,
2748,서구,2,,,
2749,서남공정,2,,,
2750,서도,2,,,
2751,서든,2,,,
2752,서북공정,2,,,
2753,서적,2,,,
2754,서쪽,2,,,
2755,서커스,2,,,
2756,서해,2,,,
2757,석상,2,,,
2758,선고,2,,,
2759,선녀,2,,,
2760,선비,2,,,
2761,선생,2,,,
2762,선양,2,,,
2763,선언,2,,,
2764,선족,2,,,
2765,선진,2,,,
2766,선포,2,,,
2767,설민석,2,,,
2768,설정,2,,,
2769,설치,2,,,
2770,성격,2,,,
2771,성경,2,,,
2772,성도,2,,,
2773,성별,2,,,
2774,성우진,2,,,
2775,성장,2,,,
2776,성회쒸,2,,,
2777,성회횽,2,,,
2778,세계관,2,,,
2779,세계사,2,,,
2780,세로,2,,,
2781,세트,2,,,
2782,센터,2,,,
2783,소굴,2,,,
2784,소란,2,,,
2785,소모,2,,,
2786,소송,2,,,
2787,소신,2,,,
2788,소화,2,,,
2789,손님,2,,,
2790,손목,2,,,
2791,손수,2,,,
2792,손실,2,,,
2793,솔까말,2,,,
2794,송,2,,,
2795,수긍,2,,,
2796,수나라,2,,,
2797,수듄,2,,,
2798,수령,2,,,
2799,수백,2,,,
2800,수위,2,,,
2801,수임,2,,,
2802,수저,2,,,
2803,수행,2,,,
2804,수행자,2,,,
2805,순서,2,,,
2806,순화,2,,,
2807,숟가락,2,,,
2808,숨,2,,,
2809,숨기,2,,,
2810,숲,2,,,
2811,쉴드,2,,,
2812,스냅,2,,,
2813,스웨덴,2,,,
2814,스케일,2,,,
2815,스탈,2,,,
2816,스택,2,,,
2817,스탠스,2,,,
2818,스파이,2,,,
2819,승계,2,,,
2820,시각,2,,,
2821,시국,2,,,
2822,시라,2,,,
2823,시민혁명,2,,,
2824,시바,2,,,
2825,시사,2,,,
2826,시야,2,,,
2827,시조,2,,,
2828,시중,2,,,
2829,시킴,2,,,
2830,식인종,2,,,
2831,신념,2,,,
2832,신의,2,,,
2833,신인,2,,,
2834,신하,2,,,
2835,신해혁명,2,,,
2836,실드,2,,,
2837,실례,2,,,
2838,실상,2,,,
2839,실천,2,,,
2840,실화,2,,,
2841,싸대기,2,,,
2842,싸이버,2,,,
2843,쌈,2,,,
2844,쌤,2,,,
2845,썅놈,2,,,
2846,쑤닝,2,,,
2847,쑨원,2,,,
2848,씨팔,2,,,
2849,씨팝,2,,,
2850,아기,2,,,
2851,아나운서,2,,,
2852,아돌프,2,,,
2853,아이큐,2,,,
2854,아작,2,,,
2855,아치,2,,,
2856,아프리카인,2,,,
2857,안경,2,,,
2858,안내,2,,,
2859,안대,2,,,
2860,안목,2,,,
2861,안이,2,,,
2862,안전,2,,,
2863,안정,2,,,
2864,안통,2,,,
2865,알고리즘,2,,,
2866,알기,2,,,
2867,알렉산더,2,,,
2868,애니,2,,,
2869,애정,2,,,
2870,야욕,2,,,
2871,양념,2,,,
2872,양성,2,,,
2873,어간,2,,,
2874,어거지,2,,,
2875,어르신,2,,,
2876,어메이징,2,,,
2877,어버이날,2,,,
2878,어족,2,,,
2879,언론통제,2,,,
2880,얼,2,,,
2881,얼척,2,,,
2882,업계,2,,,
2883,업로드,2,,,
2884,업무,2,,,
2885,엉덩이,2,,,
2886,에고,2,,,
2887,에티오피아,2,,,
2888,여담,2,,,
2889,여성,2,,,
2890,여의도,2,,,
2891,여진,2,,,
2892,여태,2,,,
2893,역사소설,2,,,
2894,역할,2,,,
2895,역행,2,,,
2896,연구원,2,,,
2897,연동,2,,,
2898,연맹,2,,,
2899,연명,2,,,
2900,연방,2,,,
2901,연쇄살인범,2,,,
2902,연장,2,,,
2903,염병,2,,,
2904,염원,2,,,
2905,옆집,2,,,
2906,예능,2,,,
2907,예법,2,,,
2908,예산,2,,,
2909,예술,2,,,
2910,예외,2,,,
2911,예은,2,,,
2912,예의,2,,,
2913,오른쪽,2,,,
2914,오빠,2,,,
2915,오염,2,,,
2916,오유,2,,,
2917,오체분시,2,,,
2918,옥,2,,,
2919,온전,2,,,
2920,올라프,2,,,
2921,옷가지,2,,,
2922,완성,2,,,
2923,왈츠,2,,,
2924,왓,2,,,
2925,왕실,2,,,
2926,요청,2,,,
2927,용어,2,,,
2928,용이,2,,,
2929,용인,2,,,
2930,우경,2,,,
2931,우동,2,,,
2932,우릴,2,,,
2933,우물,2,,,
2934,운동권,2,,,
2935,움직임,2,,,
2936,웅장,2,,,
2937,원딜,2,,,
2938,원본,2,,,
2939,원수,2,,,
2940,원작,2,,,
2941,원전,2,,,
2942,원피스,2,,,
2943,월,2,,,
2944,위너,2,,,
2945,위대,2,,,
2946,위만,2,,,
2947,위생,2,,,
2948,위엄,2,,,
2949,위챗,2,,,
2950,위험,2,,,
2951,유네스코,2,,,
2952,유력,2,,,
2953,유명인사,2,,,
2954,유목민,2,,,
2955,유방,2,,,
2956,유비,2,,,
2957,유일,2,,,
2958,유적지,2,,,
2959,유투버,2,,,
2960,유툽,2,,,
2961,유포,2,,,
2962,을,2,,,
2963,음반,2,,,
2964,응애,2,,,
2965,응호,2,,,
2966,의리,2,,,
2967,의무,2,,,
2968,의사,2,,,
2969,의인,2,,,
2970,이낙연,2,,,
2971,이남,2,,,
2972,이노,2,,,
2973,이닝,2,,,
2974,이라크,2,,,
2975,이명,2,,,
2976,이백일십사,2,,,
2977,이성계,2,,,
2978,이식,2,,,
2979,이정,2,,,
2980,이주,2,,,
2981,이채널,2,,,
2982,이효리,2,,,
2983,인도문,2,,,
2984,인사,2,,,
2985,인용,2,,,
2986,인터뷰,2,,,
2987,인프라,2,,,
2988,일개,2,,,
2989,일관,2,,,
2990,일대,2,,,
2991,일러스트레이터,2,,,
2992,일루,2,,,
2993,일리,2,,,
2994,일본어,2,,,
2995,일본정부,2,,,
2996,일부분,2,,,
2997,일상생활,2,,,
2998,일어,2,,,
2999,일임,2,,,
3000,일정,2,,,
3001,일종,2,,,
3002,일주일,2,,,
3003,일환,2,,,
3004,임금,2,,,
3005,임신,2,,,
3006,임팩트,2,,,
3007,입국,2,,,
3008,입담,2,,,
3009,입덕,2,,,
3010,입사,2,,,
3011,자격,2,,,
3012,자괴,2,,,
3013,자녀,2,,,
3014,자도,2,,,
3015,자산,2,,,
3016,자신감,2,,,
3017,자유민주,2,,,
3018,자전거,2,,,
3019,자제,2,,,
3020,자존감,2,,,
3021,자치,2,,,
3022,자칫,2,,,
3023,자택,2,,,
3024,자폭,2,,,
3025,자회사,2,,,
3026,작고,2,,,
3027,작살,2,,,
3028,작정,2,,,
3029,잔,2,,,
3030,잠,2,,,
3031,잠재,2,,,
3032,잡기,2,,,
3033,잡지,2,,,
3034,잡채,2,,,
3035,잡탕,2,,,
3036,잣,2,,,
3037,장갑,2,,,
3038,장량,2,,,
3039,장려,2,,,
3040,장비,2,,,
3041,장신구,2,,,
3042,장욱,2,,,
3043,장위안,2,,,
3044,재고,2,,,
3045,재료,2,,,
3046,재미,2,,,
3047,재수,2,,,
3048,재청,2,,,
3049,잼,2,,,
3050,잿더미,2,,,
3051,저그,2,,,
3052,저글링,2,,,
3053,저녁,2,,,
3054,저작권,2,,,
3055,저지,2,,,
3056,적대시,2,,,
3057,적임,2,,,
3058,전교,2,,,
3059,전기톱,2,,,
3060,전도,2,,,
3061,전사,2,,,
3062,전수,2,,,
3063,전신,2,,,
3064,전인,2,,,
3065,전쟁범죄,2,,,
3066,전족,2,,,
3067,전형,2,,,
3068,절대다수,2,,,
3069,절망,2,,,
3070,절하,2,,,
3071,점거,2,,,
3072,접,2,,,
3073,접근,2,,,
3074,접속,2,,,
3075,접수,2,,,
3076,정계,2,,,
3077,정글,2,,,
3078,정박,2,,,
3079,정서,2,,,
3080,정설,2,,,
3081,정성,2,,,
3082,정액,2,,,
3083,정착,2,,,
3084,정치가,2,,,
3085,제도,2,,,
3086,제례,2,,,
3087,제목,2,,,
3088,제시,2,,,
3089,제후국,2,,,
3090,조,2,,,
3091,조로,2,,,
3092,조약,2,,,
3093,조지오웰,2,,,
3094,조취,2,,,
3095,조폭,2,,,
3096,조해,2,,,
3097,조회,2,,,
3098,존내,2,,,
3099,졸개,2,,,
3100,종류,2,,,
3101,종묘,2,,,
3102,종북,2,,,
3103,종속국,2,,,
3104,종자,2,,,
3105,좌우,2,,,
3106,주관,2,,,
3107,주먹,2,,,
3108,주어,2,,,
3109,주일,2,,,
3110,주자,2,,,
3111,죽무,2,,,
3112,죽지,2,,,
3113,죽창,2,,,
3114,줄넘기,2,,,
3115,중고나라,2,,,
3116,중국기원,2,,,
3117,중국학자,2,,,
3118,중국해,2,,,
3119,중궁,2,,,
3120,중궈놈들,2,,,
3121,중소기업,2,,,
3122,중시,2,,,
3123,중어,2,,,
3124,증국,2,,,
3125,지게,2,,,
3126,지구인,2,,,
3127,지급,2,,,
3128,지기,2,,,
3129,지난,2,,,
3130,지들껀데,2,,,
3131,지들껀지,2,,,
3132,지부리,2,,,
3133,지붕,2,,,
3134,지사,2,,,
3135,지역감정,2,,,
3136,지옥,2,,,
3137,지우개,2,,,
3138,지지율,2,,,
3139,직전,2,,,
3140,진나라,2,,,
3141,진보,2,,,
3142,진상,2,,,
3143,진압,2,,,
3144,진행중,2,,,
3145,진화,2,,,
3146,질서,2,,,
3147,짐승,2,,,
3148,집값,2,,,
3149,집안,2,,,
3150,집중,2,,,
3151,징,2,,,
3152,쪄뚱,2,,,
3153,쪼가리,2,,,
3154,쫙쫙,2,,,
3155,찌꺼기,2,,,
3156,차고,2,,,
3157,차기,2,,,
3158,차례,2,,,
3159,차로,2,,,
3160,차선,2,,,
3161,차이나타운,2,,,
3162,찰떡,2,,,
3163,참가,2,,,
3164,참견,2,,,
3165,참나,2,,,
3166,참치,2,,,
3167,창의,2,,,
3168,창의력,2,,,
3169,창파,2,,,
3170,찾기,2,,,
3171,처녀,2,,,
3172,처단,2,,,
3173,처벌,2,,,
3174,처지,2,,,
3175,천국,2,,,
3176,천만,2,,,
3177,천명,2,,,
3178,천안,2,,,
3179,천하,2,,,
3180,첨부,2,,,
3181,청산,2,,,
3182,체크,2,,,
3183,체포,2,,,
3184,체험,2,,,
3185,초대,2,,,
3186,초딩,2,,,
3187,초유,2,,,
3188,촌철,2,,,
3189,최종,2,,,
3190,최후,2,,,
3191,추정,2,,,
3192,축복,2,,,
3193,출연,2,,,
3194,충성,2,,,
3195,치질,2,,,
3196,치킨,2,,,
3197,친중파,2,,,
3198,친환경,2,,,
3199,침묵,2,,,
3200,침범,2,,,
3201,침입,2,,,
3202,침착,2,,,
3203,칭기즈칸,2,,,
3204,칭송,2,,,
3205,칭호,2,,,
3206,카운터,2,,,
3207,카테고리,2,,,
3208,카트라이더,2,,,
3209,칵테일,2,,,
3210,칼부림,2,,,
3211,캐나다,2,,,
3212,캐리,2,,,
3213,커버,2,,,
3214,컨샙,2,,,
3215,컷,2,,,
3216,케릭,2,,,
3217,케이팝,2,,,
3218,코렁탕,2,,,
3219,코리안,2,,,
3220,코미디,2,,,
3221,코베,2,,,
3222,콜롬비아,2,,,
3223,쿠키,2,,,
3224,크리,2,,,
3225,클래시,2,,,
3226,킥,2,,,
3227,타당,2,,,
3228,타도,2,,,
3229,타워,2,,,
3230,타이,2,,,
3231,타이밍,2,,,
3232,타이틀,2,,,
3233,타임,2,,,
3234,타임머신,2,,,
3235,탄광,2,,,
3236,탈선,2,,,
3237,탈주,2,,,
3238,태국,2,,,
3239,태반,2,,,
3240,태양계,2,,,
3241,탱크맨,2,,,
3242,터치,2,,,
3243,터키,2,,,
3244,텅,2,,,
3245,테러리스트,2,,,
3246,텐안먼,2,,,
3247,텐트,2,,,
3248,토론,2,,,
3249,토막,2,,,
3250,토사,2,,,
3251,토악질,2,,,
3252,토지,2,,,
3253,통계청,2,,,
3254,통과,2,,,
3255,통합,2,,,
3256,퇴근,2,,,
3257,투사,2,,,
3258,투성이,2,,,
3259,튜버,2,,,
3260,튜브,2,,,
3261,트리,2,,,
3262,트벳족,2,,,
3263,트짹,2,,,
3264,특유,2,,,
3265,틈,2,,,
3266,티비,2,,,
3267,티엔,2,,,
3268,파륜궁,2,,,
3269,파리,2,,,
3270,파서,2,,,
3271,파열,2,,,
3272,파이팅,2,,,
3273,파일,2,,,
3274,파쿠,2,,,
3275,파티,2,,,
3276,판다,2,,,
3277,판소리,2,,,
3278,패스,2,,,
3279,패싸움,2,,,
3280,패전,2,,,
3281,팬티,2,,,
3282,펀,2,,,
3283,평균,2,,,
3284,평등,2,,,
3285,포스트,2,,,
3286,포인트,2,,,
3287,폭동,2,,,
3288,폭죽,2,,,
3289,폴아웃,2,,,
3290,푸우,2,,,
3291,품,2,,,
3292,풍년,2,,,
3293,프랑스어,2,,,
3294,프로그램,2,,,
3295,프로파간다,2,,,
3296,플스,2,,,
3297,피스,2,,,
3298,핀트,2,,,
3299,필기,2,,,
3300,필멸,2,,,
3301,필터,2,,,
3302,핑거,2,,,
3303,핑계,2,,,
3304,하의,2,,,
3305,하태경,2,,,
3306,하하,2,,,
3307,학계,2,,,
3308,학과,2,,,
3309,학년,2,,,
3310,학력,2,,,
3311,학원,2,,,
3312,한국말,2,,,
3313,한잔,2,,,
3314,한정,2,,,
3315,한창,2,,,
3316,할아버지,2,,,
3317,함정,2,,,
3318,합,2,,,
3319,합법,2,,,
3320,합성,2,,,
3321,합심,2,,,
3322,합의,2,,,
3323,합치,2,,,
3324,항일,2,,,
3325,해소,2,,,
3326,해적,2,,,
3327,행복,2,,,
3328,허리,2,,,
3329,헐리우드,2,,,
3330,헤븐,2,,,
3331,헬릭스,2,,,
3332,현안,2,,,
3333,현장,2,,,
3334,현지,2,,,
3335,혈안,2,,,
3336,혈압,2,,,
3337,혐중,2,,,
3338,협,2,,,
3339,형국,2,,,
3340,혜리,2,,,
3341,호도,2,,,
3342,호랑이,2,,,
3343,호로,2,,,
3344,호정,2,,,
3345,호주인,2,,,
3346,홀로코스트,2,,,
3347,화도,2,,,
3348,화란,2,,,
3349,화면,2,,,
3350,환가,2,,,
3351,활용,2,,,
3352,황허,2,,,
3353,회귀,2,,,
3354,회유,2,,,
3355,회의,2,,,
3356,횡포,2,,,
3357,후기,2,,,
3358,후반,2,,,
3359,후속작,2,,,
3360,후자,2,,,
3361,후진타오,2,,,
3362,후퇴,2,,,
3363,훈련,2,,,
3364,휴전,2,,,
3365,흉노,2,,,
3366,흑우,2,,,
3367,흠정만주원류고,2,,,
3368,희망,2,,,
3369,극혐,2,,,
3370,뇌피셜,2,,,
3371,몽골족,2,,,
3372,쩡꿔이,2,,,
3373,촹퀘들,2,,,
3374,판빙빙,2,,,
3375,가격,1,,,
3376,가담,1,,,
3377,가동,1,,,
3378,가디언,1,,,
3379,가락,1,,,
3380,가르침,1,,,
3381,가망,1,,,
3382,가보,1,,,
3383,가봉,1,,,
3384,가브리엘,1,,,
3385,가사,1,,,
3386,가산,1,,,
3387,가상,1,,,
3388,가속,1,,,
3389,가수,1,,,
3390,가야금,1,,,
3391,가열,1,,,
3392,가운데,1,,,
3393,가의,1,,,
3394,가이드,1,,,
3395,가주,1,,,
3396,가지가지,1,,,
3397,가타가나,1,,,
3398,가해자,1,,,
3399,각도,1,,,
3400,각색,1,,,
3401,각주,1,,,
3402,각하,1,,,
3403,간도협약,1,,,
3404,간요,1,,,
3405,간의,1,,,
3406,간이,1,,,
3407,간주,1,,,
3408,간직,1,,,
3409,간체자,1,,,
3410,간행,1,,,
3411,갈기,1,,,
3412,갈라,1,,,
3413,갈비,1,,,
3414,갈수,1,,,
3415,감금,1,,,
3416,감명,1,,,
3417,감방,1,,,
3418,감세,1,,,
3419,감안,1,,,
3420,감정이입,1,,,
3421,감탄,1,,,
3422,감투,1,,,
3423,감행,1,,,
3424,감흥,1,,,
3425,강경화,1,,,
3426,강도짓,1,,,
3427,강력,1,,,
3428,강세,1,,,
3429,강시,1,,,
3430,강원도,1,,,
3431,강의,1,,,
3432,강점,1,,,
3433,강제노동,1,,,
3434,강호,1,,,
3435,강희제,1,,,
3436,개강,1,,,
3437,개개인,1,,,
3438,개객기,1,,,
3439,개국,1,,,
3440,개극딜,1,,,
3441,개극혐함,1,,,
3442,개꼴,1,,,
3443,개떼,1,,,
3444,개똥이,1,,,
3445,개막,1,,,
3446,개뻔,1,,,
3447,개뻘소리,1,,,
3448,개새,1,,,
3449,개샊들,1,,,
3450,개선,1,,,
3451,개쉑이,1,,,
3452,개쌍,1,,,
3453,개역,1,,,
3454,개요,1,,,
3455,개쩌,1,,,
3456,개천,1,,,
3457,개추,1,,,
3458,개탄,1,,,
3459,개털,1,,,
3460,개패,1,,,
3461,개헛,1,,,
3462,개흥,1,,,
3463,갱생,1,,,
3464,거도,1,,,
3465,거란족,1,,,
3466,거르기,1,,,
3467,거린,1,,,
3468,거보,1,,,
3469,거북선,1,,,
3470,거신,1,,,
3471,거적,1,,,
3472,거절,1,,,
3473,거중,1,,,
3474,거치,1,,,
3475,건너,1,,,
3476,건담,1,,,
3477,건수,1,,,
3478,건축학,1,,,
3479,건틀렛,1,,,
3480,걸이,1,,,
3481,걸작,1,,,
3482,검사,1,,,
3483,검토,1,,,
3484,겉모습,1,,,
3485,게스트하우스,1,,,
3486,게이트,1,,,
3487,게임중독,1,,,
3488,겐트,1,,,
3489,겜내,1,,,
3490,겜돈,1,,,
3491,겜돌,1,,,
3492,겜삭,1,,,
3493,겜튜버,1,,,
3494,겨울,1,,,
3495,겨움,1,,,
3496,격문,1,,,
3497,격치,1,,,
3498,견해,1,,,
3499,결,1,,,
3500,결성,1,,,
3501,결승,1,,,
3502,결심,1,,,
3503,결제,1,,,
3504,결집,1,,,
3505,결합,1,,,
3506,경,1,,,
3507,경극,1,,,
3508,경기,1,,,
3509,경기장,1,,,
3510,경례,1,,,
3511,경상도,1,,,
3512,경악,1,,,
3513,경제활동,1,,,
3514,경지,1,,,
3515,경화,1,,,
3516,계,1,,,
3517,계보,1,,,
3518,계삭,1,,,
3519,계산기,1,,,
3520,계심,1,,,
3521,계약,1,,,
3522,고가,1,,,
3523,고객,1,,,
3524,고고,1,,,
3525,고구려시대,1,,,
3526,고구려어,1,,,
3527,고구마,1,,,
3528,고궁,1,,,
3529,고금,1,,,
3530,고기,1,,,
3531,고도,1,,,
3532,고독,1,,,
3533,고등학교,1,,,
3534,고등학생,1,,,
3535,고랑,1,,,
3536,고래,1,,,
3537,고려말,1,,,
3538,고려시대,1,,,
3539,고령화,1,,,
3540,고리,1,,,
3541,고본,1,,,
3542,고분,1,,,
3543,고사,1,,,
3544,고사리,1,,,
3545,고성능,1,,,
3546,고속,1,,,
3547,고여,1,,,
3548,고연,1,,,
3549,고유문,1,,,
3550,고의,1,,,
3551,고인,1,,,
3552,고자,1,,,
3553,고전,1,,,
3554,고집쌔,1,,,
3555,고찰,1,,,
3556,고춧가루,1,,,
3557,고토,1,,,
3558,고하,1,,,
3559,곤,1,,,
3560,골격,1,,,
3561,골로,1,,,
3562,골빈,1,,,
3563,골칫거리,1,,,
3564,곰돌이,1,,,
3565,곱창,1,,,
3566,곳임,1,,,
3567,공갈빵,1,,,
3568,공단,1,,,
3569,공도,1,,,
3570,공략케,1,,,
3571,공룡,1,,,
3572,공무역,1,,,
3573,공물,1,,,
3574,공민왕,1,,,
3575,공범,1,,,
3576,공사,1,,,
3577,공상허언증,1,,,
3578,공업단지,1,,,
3579,공영,1,,,
3580,공유,1,,,
3581,공익,1,,,
3582,공일,1,,,
3583,공작원,1,,,
3584,공중파,1,,,
3585,공짜,1,,,
3586,공청단,1,,,
3587,공표,1,,,
3588,공행,1,,,
3589,공화국,1,,,
3590,과감,1,,,
3591,과목,1,,,
3592,과반,1,,,
3593,과잉,1,,,
3594,과잉진압,1,,,
3595,과장,1,,,
3596,관리자,1,,,
3597,관성,1,,,
3598,관세,1,,,
3599,관여,1,,,
3600,관음증,1,,,
3601,관종짓,1,,,
3602,관주,1,,,
3603,관직,1,,,
3604,광,1,,,
3605,광개토,1,,,
3606,광신도,1,,,
3607,광역딜,1,,,
3608,광해,1,,,
3609,괴담,1,,,
3610,괴랄하,1,,,
3611,괴래국,1,,,
3612,괴롭힘,1,,,
3613,괴수,1,,,
3614,교,1,,,
3615,교미,1,,,
3616,교사,1,,,
3617,교수형,1,,,
3618,교양,1,,,
3619,교주,1,,,
3620,교체,1,,,
3621,교화,1,,,
3622,교화소,1,,,
3623,교환학생,1,,,
3624,구걸,1,,,
3625,구경이,1,,,
3626,구구절,1,,,
3627,구글링,1,,,
3628,구금,1,,,
3629,구기,1,,,
3630,구래,1,,,
3631,구렁이,1,,,
3632,구루,1,,,
3633,구상,1,,,
3634,구설수,1,,,
3635,구성,1,,,
3636,구소련,1,,,
3637,구술,1,,,
3638,구입,1,,,
3639,구제,1,,,
3640,구체,1,,,
3641,구축,1,,,
3642,구치,1,,,
3643,구한말,1,,,
3644,구함,1,,,
3645,구호,1,,,
3646,국가경쟁력,1,,,
3647,국가대표,1,,,
3648,국가보안법,1,,,
3649,국것,1,,,
3650,국공합작,1,,,
3651,국교,1,,,
3652,국기,1,,,
3653,국력,1,,,
3654,국립,1,,,
3655,국무장관,1,,,
3656,국민체조,1,,,
3657,국방부,1,,,
3658,국부,1,,,
3659,국뽕러들,1,,,
3660,국수호,1,,,
3661,국왕,1,,,
3662,국유,1,,,
3663,국정교과서,1,,,
3664,국지연,1,,,
3665,국책,1,,,
3666,국토,1,,,
3667,국희,1,,,
3668,국힘,1,,,
3669,군데,1,,,
3670,군벌,1,,,
3671,군입대,1,,,
3672,군집단,1,,,
3673,군필,1,,,
3674,궁극,1,,,
3675,궁도,1,,,
3676,궁딩,1,,,
3677,권고,1,,,
3678,권내,1,,,
3679,권력자,1,,,
3680,권유,1,,,
3681,권한,1,,,
3682,궐기,1,,,
3683,궤변,1,,,
3684,귀결,1,,,
3685,귀국,1,,,
3686,귀의,1,,,
3687,귀축,1,,,
3688,귀화,1,,,
3689,규글,1,,,
3690,규정,1,,,
3691,규탄,1,,,
3692,균형,1,,,
3693,그간,1,,,
3694,그꼬,1,,,
3695,그닥,1,,,
3696,그대,1,,,
3697,그래그래,1,,,
3698,그로,1,,,
3699,그리스어,1,,,
3700,그린,1,,,
3701,그릴,1,,,
3702,그림자,1,,,
3703,극딜,1,,,
3704,극성,1,,,
3705,극악,1,,,
3706,극치,1,,,
3707,극한,1,,,
3708,근대,1,,,
3709,근로자,1,,,
3710,근절,1,,,
3711,근접,1,,,
3712,금나라,1,,,
3713,금도,1,,,
3714,금물,1,,,
3715,금보,1,,,
3716,금액,1,,,
3717,금융,1,,,
3718,금융위기,1,,,
3719,금청,1,,,
3720,금칠,1,,,
3721,급감,1,,,
3722,급발진,1,,,
3723,급여,1,,,
3724,급진,1,,,
3725,기고,1,,,
3726,기관,1,,,
3727,기내,1,,,
3728,기네스북,1,,,
3729,기니,1,,,
3730,기단,1,,,
3731,기득권,1,,,
3732,기레기,1,,,
3733,기록물,1,,,
3734,기마,1,,,
3735,기면,1,,,
3736,기별,1,,,
3737,기부,1,,,
3738,기색,1,,,
3739,기생,1,,,
3740,기생충,1,,,
3741,기성세대,1,,,
3742,기세,1,,,
3743,기세니,1,,,
3744,기숙사,1,,,
3745,기습,1,,,
3746,기왕,1,,,
3747,기운,1,,,
3748,기입,1,,,
3749,기자,1,,,
3750,기재,1,,,
3751,기저,1,,,
3752,기증,1,,,
3753,기타,1,,,
3754,기한,1,,,
3755,기함,1,,,
3756,기형,1,,,
3757,기획,1,,,
3758,기후,1,,,
3759,긴박,1,,,
3760,긴장,1,,,
3761,길가,1,,,
3762,길거리,1,,,
3763,길드워,1,,,
3764,길이,1,,,
3765,길임,1,,,
3766,김대중,1,,,
3767,김두한,1,,,
3768,김성희,1,,,
3769,김정민,1,,,
3770,김좌진,1,,,
3771,김형,1,,,
3772,깊이,1,,,
3773,깝칠,1,,,
3774,깝침,1,,,
3775,깡,1,,,
3776,깡그리,1,,,
3777,깡깨,1,,,
3778,깨뽀,1,,,
3779,깨알,1,,,
3780,꼬봉,1,,,
3781,꼬소,1,,,
3782,꼬장,1,,,
3783,꼴불견,1,,,
3784,꼴픽,1,,,
3785,꽁꽁,1,,,
3786,꽃길,1,,,
3787,꽌시꽌,1,,,
3788,꽌시하,1,,,
3789,꿀밤,1,,,
3790,꿀잠,1,,,
3791,꿀팁임,1,,,
3792,꿈틀,1,,,
3793,끄나풀,1,,,
3794,끝물,1,,,
3795,끝장,1,,,
3796,나가사키,1,,,
3797,나기,1,,,
3798,나날,1,,,
3799,나라시대,1,,,
3800,나라이름,1,,,
3801,나락,1,,,
3802,나랏님,1,,,
3803,나랔,1,,,
3804,나레이션,1,,,
3805,나물,1,,,
3806,나복,1,,,
3807,나봄,1,,,
3808,나쁜사람,1,,,
3809,나사,1,,,
3810,나서스,1,,,
3811,나타,1,,,
3812,나폴레옹,1,,,
3813,낙관,1,,,
3814,낙태,1,,,
3815,난국,1,,,
3816,난방,1,,,
3817,날개,1,,,
3818,날치,1,,,
3819,남고,1,,,
3820,남구,1,,,
3821,남녀,1,,,
3822,남만,1,,,
3823,남발,1,,,
3824,남방,1,,,
3825,남송,1,,,
3826,남아공,1,,,
3827,남아프리카,1,,,
3828,남조선,1,,,
3829,납,1,,,
3830,납부,1,,,
3831,납작,1,,,
3832,납죽,1,,,
3833,낫다,1,,,
3834,낭,1,,,
3835,낭비,1,,,
3836,낭설,1,,,
3837,낮짝,1,,,
3838,내각,1,,,
3839,내강,1,,,
3840,내기,1,,,
3841,내기억,1,,,
3842,내나라,1,,,
3843,내달,1,,,
3844,내륙,1,,,
3845,내명부,1,,,
3846,내분,1,,,
3847,내색,1,,,
3848,내선일체,1,,,
3849,내연,1,,,
3850,내외,1,,,
3851,내정,1,,,
3852,내정간섭,1,,,
3853,냉전시대,1,,,
3854,냉정,1,,,
3855,너넨,1,,,
3856,너머,1,,,
3857,넓이,1,,,
3858,넘사벽,1,,,
3859,네버,1,,,
3860,네이버,1,,,
3861,네이션,1,,,
3862,년놈,1,,,
3863,년도,1,,,
3864,노동,1,,,
3865,노동자,1,,,
3866,노땅,1,,,
3867,노략,1,,,
3868,노로,1,,,
3869,노모,1,,,
3870,노발,1,,,
3871,노벨상,1,,,
3872,노빠꾸,1,,,
3873,노인,1,,,
3874,노잼,1,,,
3875,노출,1,,,
3876,녹차,1,,,
3877,논문,1,,,
3878,놀,1,,,
3879,놀람,1,,,
3880,놀부,1,,,
3881,놀이터,1,,,
3882,농경,1,,,
3883,농구,1,,,
3884,농담,1,,,
3885,높이,1,,,
3886,뇌구조,1,,,
3887,누더기,1,,,
3888,누르기,1,,,
3889,누르하치,1,,,
3890,누명,1,,,
3891,누무,1,,,
3892,눈가,1,,,
3893,눈막,1,,,
3894,눈물,1,,,
3895,눈빙,1,,,
3896,눈알,1,,,
3897,느그,1,,,
3898,늑대,1,,,
3899,능욕,1,,,
3900,능지처참,1,,,
3901,늬양스,1,,,
3902,니뽄,1,,,
3903,닌텐도,1,,,
3904,다국어,1,,,
3905,다난,1,,,
3906,다누,1,,,
3907,다다,1,,,
3908,다독,1,,,
3909,다른사람,1,,,
3910,다리,1,,,
3911,다식,1,,,
3912,다음생,1,,,
3913,다이렉트,1,,,
3914,다짐,1,,,
3915,다짜고짜,1,,,
3916,다케시마,1,,,
3917,단결,1,,,
3918,단령,1,,,
3919,단말,1,,,
3920,단비,1,,,
3921,단원,1,,,
3922,단위,1,,,
3923,단점,1,,,
3924,달기,1,,,
3925,달도,1,,,
3926,달리,1,,,
3927,달림,1,,,
3928,달빛,1,,,
3929,달이,1,,,
3930,달창,1,,,
3931,달팽이,1,,,
3932,담화,1,,,
3933,답답,1,,,
3934,답지,1,,,
3935,당대,1,,,
3936,당초,1,,,
3937,대갈,1,,,
3938,대감,1,,,
3939,대개념,1,,,
3940,대권,1,,,
3941,대길,1,,,
3942,대동아공영권,1,,,
3943,대략,1,,,
3944,대량,1,,,
3945,대령,1,,,
3946,대루,1,,,
3947,대림,1,,,
3948,대립,1,,,
3949,대마,1,,,
3950,대매,1,,,
3951,대머리,1,,,
3952,대명률,1,,,
3953,대목,1,,,
3954,대미,1,,,
3955,대미지,1,,,
3956,대발,1,,,
3957,대법관,1,,,
3958,대본,1,,,
3959,대북,1,,,
3960,대성통곡,1,,,
3961,대세,1,,,
3962,대숙청,1,,,
3963,대시,1,,,
3964,대역,1,,,
3965,대영제국,1,,,
3966,대왕,1,,,
3967,대외,1,,,
3968,대우,1,,,
3969,대이동,1,,,
3970,대인,1,,,
3971,대인배,1,,,
3972,대일본제국,1,,,
3973,대장,1,,,
3974,대장님,1,,,
3975,대주,1,,,
3976,대중화,1,,,
3977,대지,1,,,
3978,대지진,1,,,
3979,대통,1,,,
3980,대포,1,,,
3981,대폭발,1,,,
3982,대하,1,,,
3983,대학생,1,,,
3984,대학원생,1,,,
3985,대형,1,,,
3986,더러,1,,,
3987,덕성,1,,,
3988,덕질,1,,,
3989,덕후,1,,,
3990,던,1,,,
3991,데미지,1,,,
3992,데뷔,1,,,
3993,도광양회,1,,,
3994,도교,1,,,
3995,도끼,1,,,
3996,도덕,1,,,
3997,도람,1,,,
3998,도람뿌,1,,,
3999,도량,1,,,
4000,도리,1,,,
4001,도모,1,,,
4002,도살,1,,,
4003,도요타,1,,,
4004,도울,1,,,
4005,도의,1,,,
4006,도적,1,,,
4007,도착,1,,,
4008,도출,1,,,
4009,독립단체,1,,,
4010,독보,1,,,
4011,독불장군,1,,,
4012,독선,1,,,
4013,독어,1,,,
4014,독일어,1,,,
4015,독일인,1,,,
4016,독점,1,,,
4017,독충,1,,,
4018,독침,1,,,
4019,돈버,1,,,
4020,돈빨,1,,,
4021,돈앞,1,,,
4022,돌,1,,,
4023,돌고래,1,,,
4024,돌맹,1,,,
4025,돌맹이,1,,,
4026,돌별,1,,,
4027,돌부리,1,,,
4028,돌연,1,,,
4029,돌입,1,,,
4030,동감,1,,,
4031,동남아시아,1,,,
4032,동남쪽,1,,,
4033,동료,1,,,
4034,동무,1,,,
4035,동물농장,1,,,
4036,동반,1,,,
4037,동방예의지국,1,,,
4038,동서남북,1,,,
4039,동아,1,,,
4040,동아시아사,1,,,
4041,동원,1,,,
4042,동진,1,,,
4043,동화책,1,,,
4044,돼지국밥,1,,,
4045,돼지땅떵,1,,,
4046,되레,1,,,
4047,두개골,1,,,
4048,두려움,1,,,
4049,두절,1,,,
4050,두통,1,,,
4051,둘째,1,,,
4052,둥북,1,,,
4053,뒷일,1,,,
4054,뒷전,1,,,
4055,듕귝몽,1,,,
4056,듣보잡,1,,,
4057,들깨,1,,,
4058,디스토피아,1,,,
4059,디시인사이드,1,,,
4060,딕션,1,,,
4061,딜러,1,,,
4062,딴지,1,,,
4063,땅떵이,1,,,
4064,때것,1,,,
4065,때놈,1,,,
4066,땡깡,1,,,
4067,땡큐,1,,,
4068,떨기,1,,,
4069,뗏놈,1,,,
4070,뗏놈짓,1,,,
4071,똘,1,,,
4072,똥개,1,,,
4073,똥겜,1,,,
4074,똥구멍,1,,,
4075,똥꼬,1,,,
4076,똥물,1,,,
4077,똥질,1,,,
4078,똥칠,1,,,
4079,똥통,1,,,
4080,뚜껑,1,,,
4081,뚝심,1,,,
4082,뚱땡이,1,,,
4083,뚱뚱,1,,,
4084,뜸,1,,,
4085,띠,1,,,
4086,띵언,1,,,
4087,라그나로크,1,,,
4088,라멘,1,,,
4089,라오,1,,,
4090,라오스,1,,,
4091,라오어,1,,,
4092,라이벌,1,,,
4093,라이즈,1,,,
4094,라이트,1,,,
4095,랜드,1,,,
4096,랜드마크,1,,,
4097,램프,1,,,
4098,럼프,1,,,
4099,레쉬,1,,,
4100,레이건,1,,,
4101,레이드,1,,,
4102,레이스,1,,,
4103,레이저,1,,,
4104,레짐,1,,,
4105,렉서스,1,,,
4106,렉카,1,,,
4107,렛츠,1,,,
4108,로그인,1,,,
4109,로또,1,,,
4110,로티,1,,,
4111,롤판,1,,,
4112,롤팬,1,,,
4113,루다,1,,,
4114,루머,1,,,
4115,루비,1,,,
4116,루저,1,,,
4117,루팡,1,,,
4118,룩덕들,1,,,
4119,뤀삥뽕,1,,,
4120,류학,1,,,
4121,류효정,1,,,
4122,리나,1,,,
4123,리노,1,,,
4124,리드,1,,,
4125,리듬,1,,,
4126,리마,1,,,
4127,리멤버,1,,,
4128,리스크,1,,,
4129,리아,1,,,
4130,리액션,1,,,
4131,리웹,1,,,
4132,리즈시절,1,,,
4133,리트,1,,,
4134,리틀보이,1,,,
4135,리프트,1,,,
4136,리플리,1,,,
4137,린민,1,,,
4138,마감,1,,,
4139,마녀사냥,1,,,
4140,마늘,1,,,
4141,마도,1,,,
4142,마디,1,,,
4143,마르크스사상,1,,,
4144,마리아,1,,,
4145,마미,1,,,
4146,마법,1,,,
4147,마빨,1,,,
4148,마셈,1,,,
4149,마소,1,,,
4150,마수,1,,,
4151,마술,1,,,
4152,마시긔,1,,,
4153,마시기,1,,,
4154,마오카이,1,,,
4155,마음껏,1,,,
4156,마일리지,1,,,
4157,마주,1,,,
4158,마쩌뚱뚱이,1,,,
4159,마침,1,,,
4160,마케도냐,1,,,
4161,마케도니아,1,,,
4162,마켓,1,,,
4163,마트,1,,,
4164,마티즈,1,,,
4165,막강,1,,,
4166,막대사탕,1,,,
4167,막무가내,1,,,
4168,막타,1,,,
4169,만가,1,,,
4170,만년,1,,,
4171,만능,1,,,
4172,만담,1,,,
4173,만류,1,,,
4174,만리,1,,,
4175,만산,1,,,
4176,만원,1,,,
4177,만유,1,,,
4178,만족,1,,,
4179,만찬,1,,,
4180,만청,1,,,
4181,만큼,1,,,
4182,만포,1,,,
4183,맏,1,,,
4184,말갈,1,,,
4185,말꼬리,1,,,
4186,말나,1,,,
4187,말년,1,,,
4188,말발굽,1,,,
4189,말수,1,,,
4190,말실수,1,,,
4191,말쌀,1,,,
4192,말썽,1,,,
4193,말쟁이,1,,,
4194,맑스,1,,,
4195,맛좀볼,1,,,
4196,망겜,1,,,
4197,망작,1,,,
4198,망치,1,,,
4199,맞장구,1,,,
4200,맞짱,1,,,
4201,맞춤법,1,,,
4202,매가,1,,,
4203,매기,1,,,
4204,매니저,1,,,
4205,매드무비,1,,,
4206,매스컴,1,,,
4207,매일경제,1,,,
4208,매크로,1,,,
4209,매파,1,,,
4210,맵,1,,,
4211,맹관,1,,,
4212,맹목,1,,,
4213,맹자왈,1,,,
4214,머릿,1,,,
4215,머스크멜론,1,,,
4216,머쓱,1,,,
4217,먹음,1,,,
4218,멍,1,,,
4219,멍석말이,1,,,
4220,메달,1,,,
4221,메이든,1,,,
4222,메이지,1,,,
4223,메이킹,1,,,
4224,메이헴,1,,,
4225,메일,1,,,
4226,메챠쿠챠,1,,,
4227,메탄,1,,,
4228,멘붕,1,,,
4229,멘탈,1,,,
4230,멜라닌,1,,,
4231,면모,1,,,
4232,면상,1,,,
4233,면죄부,1,,,
4234,멸만흥,1,,,
4235,멸절,1,,,
4236,멸한흥,1,,,
4237,멸해,1,,,
4238,명검,1,,,
4239,명도,1,,,
4240,명령,1,,,
4241,명맥,1,,,
4242,명명,1,,,
4243,명목,1,,,
4244,명색,1,,,
4245,명수,1,,,
4246,명월,1,,,
4247,명인,1,,,
4248,명일,1,,,
4249,명절,1,,,
4250,명제,1,,,
4251,명청기,1,,,
4252,명품,1,,,
4253,명함,1,,,
4254,명확,1,,,
4255,모기,1,,,
4256,모기지,1,,,
4257,모델링,1,,,
4258,모듈,1,,,
4259,모드,1,,,
4260,모멸,1,,,
4261,모에화,1,,,
4262,모음,1,,,
4263,모자라,1,,,
4264,모태,1,,,
4265,모티브,1,,,
4266,목격,1,,,
4267,목장,1,,,
4268,몰살,1,,,
4269,몸값,1,,,
4270,몸뚱이,1,,,
4271,몸집,1,,,
4272,몸캠,1,,,
4273,몸통,1,,,
4274,못내,1,,,
4275,몽고,1,,,
4276,몽고인,1,,,
4277,몽임,1,,,
4278,몽정,1,,,
4279,묘지,1,,,
4280,무거,1,,,
4281,무게,1,,,
4282,무고,1,,,
4283,무관심,1,,,
4284,무기징역,1,,,
4285,무뇌충,1,,,
4286,무능,1,,,
4287,무답,1,,,
4288,무례,1,,,
4289,무민,1,,,
4290,무새,1,,,
4291,무솔리니,1,,,
4292,무식,1,,,
4293,무역수지,1,,,
4294,무연,1,,,
4295,무인도,1,,,
4296,무임,1,,,
4297,무죄,1,,,
4298,무치,1,,,
4299,무협지,1,,,
4300,무형,1,,,
4301,묵고,1,,,
4302,묵묵,1,,,
4303,묵적,1,,,
4304,문군,1,,,
4305,문도,1,,,
4306,문두,1,,,
4307,문맹,1,,,
4308,문명인,1,,,
4309,문법,1,,,
4310,문신,1,,,
4311,문의,1,,,
4312,문제점,1,,,
4313,문제해결,1,,,
4314,문하,1,,,
4315,문호,1,,,
4316,물가,1,,,
4317,물량전,1,,,
4318,물밑,1,,,
4319,물탄,1,,,
4320,뮤,1,,,
4321,뮤비,1,,,
4322,뮬란,1,,,
4323,뮬랸,1,,,
4324,미개척,1,,,
4325,미노,1,,,
4326,미드,1,,,
4327,미련,1,,,
4328,미만,1,,,
4329,미방,1,,,
4330,미사일,1,,,
4331,미스테리,1,,,
4332,미신,1,,,
4333,미씽,1,,,
4334,미애,1,,,
4335,미역,1,,,
4336,미연시,1,,,
4337,미쿠,1,,,
4338,미탐,1,,,
4339,미트볼,1,,,
4340,민다,1,,,
4341,민란,1,,,
4342,민법,1,,,
4343,민속,1,,,
4344,민신,1,,,
4345,민요,1,,,
4346,민적,1,,,
4347,민좃당,1,,,
4348,민주주의자,1,,,
4349,민중,1,,,
4350,민페짓,1,,,
4351,믿음,1,,,
4352,밀,1,,,
4353,밀레니엄,1,,,
4354,밀림,1,,,
4355,밀면,1,,,
4356,밈,1,,,
4357,바둑이,1,,,
4358,바라지,1,,,
4359,바램,1,,,
4360,바램임,1,,,
4361,바이두,1,,,
4362,바이스,1,,,
4363,박도,1,,,
4364,박사,1,,,
4365,박수,1,,,
4366,박스,1,,,
4367,박진,1,,,
4368,박차,1,,,
4369,박학,1,,,
4370,밖끈혜,1,,,
4371,반격,1,,,
4372,반공,1,,,
4373,반기,1,,,
4374,반달리즘,1,,,
4375,반대파,1,,,
4376,반란,1,,,
4377,반미운동,1,,,
4378,반복,1,,,
4379,반수,1,,,
4380,반절,1,,,
4381,반토막,1,,,
4382,발각,1,,,
4383,발간,1,,,
4384,발광,1,,,
4385,발국,1,,,
4386,발굽,1,,,
4387,발단,1,,,
4388,발렌타인,1,,,
4389,발롬들,1,,,
4390,발리,1,,,
4391,발밑,1,,,
4392,발병,1,,,
4393,발뺌,1,,,
4394,발원,1,,,
4395,발음기호,1,,,
4396,발의,1,,,
4397,발전소,1,,,
4398,발짝,1,,,
4399,발판,1,,,
4400,발휘,1,,,
4401,방귀,1,,,
4402,방금,1,,,
4403,방도,1,,,
4404,방류,1,,,
4405,방망이,1,,,
4406,방밥,1,,,
4407,방새,1,,,
4408,방송불가,1,,,
4409,방안,1,,,
4410,방언,1,,,
4411,방역,1,,,
4412,방영,1,,,
4413,방위,1,,,
4414,방지,1,,,
4415,방치,1,,,
4416,방한,1,,,
4417,방향성,1,,,
4418,방호복,1,,,
4419,방화벽,1,,,
4420,밭,1,,,
4421,배격,1,,,
4422,배경음,1,,,
4423,배급,1,,,
4424,배끼,1,,,
4425,배려,1,,,
4426,배상금,1,,,
4427,배상하,1,,,
4428,배설,1,,,
4429,배신,1,,,
4430,배아,1,,,
4431,배제,1,,,
4432,배체,1,,,
4433,배추,1,,,
4434,배출,1,,,
4435,배탈,1,,,
4436,배틀로얄,1,,,
4437,배포,1,,,
4438,배하,1,,,
4439,배한,1,,,
4440,백두대간,1,,,
4441,백분토론,1,,,
4442,백성,1,,,
4443,백화점,1,,,
4444,밴댕이,1,,,
4445,밴픽,1,,,
4446,밸런스,1,,,
4447,밸브,1,,,
4448,뱅크,1,,,
4449,버그,1,,,
4450,버금,1,,,
4451,버스,1,,,
4452,버젼,1,,,
4453,번돈,1,,,
4454,번성,1,,,
4455,번식,1,,,
4456,번인,1,,,
4457,번호판,1,,,
4458,번화가,1,,,
4459,벌금,1,,,
4460,벌벌,1,,,
4461,벌이,1,,,
4462,벌판,1,,,
4463,범람,1,,,
4464,범벅,1,,,
4465,범위,1,,,
4466,범인,1,,,
4467,범죄자,1,,,
4468,법규,1,,,
4469,법률,1,,,
4470,법인,1,,,
4471,법일,1,,,
4472,법적,1,,,
4473,법정,1,,,
4474,벗,1,,,
4475,벗방,1,,,
4476,베끼기,1,,,
4477,베네수엘라,1,,,
4478,베이징대,1,,,
4479,베이징올림픽,1,,,
4480,베이징원인,1,,,
4481,베일,1,,,
4482,베타,1,,,
4483,베트남인,1,,,
4484,베트남전쟁,1,,,
4485,벽람,1,,,
4486,변,1,,,
4487,변기,1,,,
4488,변명,1,,,
4489,변방,1,,,
4490,변수,1,,,
4491,변애,1,,,
4492,변화구,1,,,
4493,별개,1,,,
4494,별명,1,,,
4495,별반,1,,,
4496,별쑈,1,,,
4497,별의별,1,,,
4498,별일,1,,,
4499,병맛,1,,,
4500,병부,1,,,
4501,병인,1,,,
4502,병임,1,,,
4503,병적,1,,,
4504,병합,1,,,
4505,보관,1,,,
4506,보나파르트,1,,,
4507,보너스,1,,,
4508,보답,1,,,
4509,보물,1,,,
4510,보석,1,,,
4511,보수당,1,,,
4512,보양식,1,,,
4513,보오,1,,,
4514,보이스피싱,1,,,
4515,보이저,1,,,
4516,보조,1,,,
4517,보조금,1,,,
4518,보초,1,,,
4519,복귀,1,,,
4520,복명,1,,,
4521,복수,1,,,
4522,복양,1,,,
4523,복임,1,,,
4524,복제,1,,,
4525,복좌,1,,,
4526,본능,1,,,
4527,본의,1,,,
4528,본진,1,,,
4529,본질,1,,,
4530,본체,1,,,
4531,본회의,1,,,
4532,볼품,1,,,
4533,봉건,1,,,
4534,봉고차,1,,,
4535,봉기,1,,,
4536,봉쇄,1,,,
4537,봉오리,1,,,
4538,봉우리,1,,,
4539,봉하,1,,,
4540,부가가치세,1,,,
4541,부끄러움,1,,,
4542,부끄럼,1,,,
4543,부담,1,,,
4544,부도덕,1,,,
4545,부뜩부뜩,1,,,
4546,부랄,1,,,
4547,부로,1,,,
4548,부리면,1,,,
4549,부속,1,,,
4550,부속품,1,,,
4551,부심,1,,,
4552,부와,1,,,
4553,부위,1,,,
4554,부작용,1,,,
4555,부재,1,,,
4556,부정부패,1,,,
4557,부족,1,,,
4558,부족함,1,,,
4559,부지역,1,,,
4560,부착,1,,,
4561,부처,1,,,
4562,부처님,1,,,
4563,부활,1,,,
4564,북미,1,,,
4565,북미판,1,,,
4566,북부,1,,,
4567,북서,1,,,
4568,북유럽,1,,,
4569,북조,1,,,
4570,분단국가,1,,,
4571,분률,1,,,
4572,분별,1,,,
4573,분수,1,,,
4574,분쟁,1,,,
4575,분지,1,,,
4576,분탕질,1,,,
4577,분탕충,1,,,
4578,분풀이,1,,,
4579,불가능,1,,,
4580,불결함,1,,,
4581,불고기,1,,,
4582,불구,1,,,
4583,불균형,1,,,
4584,불로초,1,,,
4585,불명,1,,,
4586,불뫈,1,,,
4587,불변,1,,,
4588,불분명,1,,,
4589,불순,1,,,
4590,불쌍,1,,,
4591,불쑈,1,,,
4592,불안감,1,,,
4593,불알,1,,,
4594,불온,1,,,
4595,불의,1,,,
4596,불한당,1,,,
4597,뷔,1,,,
4598,븅진들,1,,,
4599,블락,1,,,
4600,블랙리스트,1,,,
4601,블랙홀,1,,,
4602,블랭,1,,,
4603,블러,1,,,
4604,블럭,1,,,
4605,비건,1,,,
4606,비걸,1,,,
4607,비공,1,,,
4608,비관,1,,,
4609,비극,1,,,
4610,비대,1,,,
4611,비데,1,,,
4612,비도,1,,,
4613,비도덕적,1,,,
4614,비디오,1,,,
4615,비디오게임,1,,,
4616,비리비리,1,,,
4617,비번,1,,,
4618,비아,1,,,
4619,비위,1,,,
4620,비중,1,,,
4621,비즈니스,1,,,
4622,비질,1,,,
4623,비책,1,,,
4624,비처,1,,,
4625,비치,1,,,
4626,비트코인,1,,,
4627,비파,1,,,
4628,비평,1,,,
4629,비행기,1,,,
4630,빅브라더,1,,,
4631,빅피쳐,1,,,
4632,빈국,1,,,
4633,빈번,1,,,
4634,빈부격차,1,,,
4635,빈자리,1,,,
4636,빈정,1,,,
4637,빌런,1,,,
4638,빠따,1,,,
4639,빠락빠락,1,,,
4640,빠칭코,1,,,
4641,빡대갈,1,,,
4642,빡들,1,,,
4643,빡섭종,1,,,
4644,빡센,1,,,
4645,빡종공,1,,,
4646,빡종하,1,,,
4647,빤쓰런,1,,,
4648,빨딱,1,,,
4649,빨바,1,,,
4650,빵디,1,,,
4651,빵쯔들,1,,,
4652,뺨,1,,,
4653,뻐커,1,,,
4654,뻐큐,1,,,
4655,뻘갱,1,,,
4656,뻘건,1,,,
4657,뻘건색,1,,,
4658,뻘쭘,1,,,
4659,뻘하,1,,,
4660,뼈대,1,,,
4661,뽀개,1,,,
4662,뽑기,1,,,
4663,삐라,1,,,
4664,사각,1,,,
4665,사고력,1,,,
4666,사과글,1,,,
4667,사관,1,,,
4668,사교계,1,,,
4669,사극,1,,,
4670,사나,1,,,
4671,사냥,1,,,
4672,사려,1,,,
4673,사린,1,,,
4674,사막,1,,,
4675,사만,1,,,
4676,사망자,1,,,
4677,사면,1,,,
4678,사멸,1,,,
4679,사명,1,,,
4680,사무라이,1,,,
4681,사무실,1,,,
4682,사뭇,1,,,
4683,사보타지,1,,,
4684,사사건건,1,,,
4685,사살,1,,,
4686,사서,1,,,
4687,사시,1,,,
4688,사업자,1,,,
4689,사옥,1,,,
4690,사용자,1,,,
4691,사우스,1,,,
4692,사육사,1,,,
4693,사이드,1,,,
4694,사적,1,,,
4695,사정,1,,,
4696,사조,1,,,
4697,사체,1,,,
4698,사치,1,,,
4699,사항,1,,,
4700,사회생활,1,,,
4701,산샤댐,1,,,
4702,산임,1,,,
4703,살수,1,,,
4704,살이,1,,,
4705,삼겹살,1,,,
4706,삼권분립,1,,,
4707,삼궤구고두례,1,,,
4708,삼단논법,1,,,
4709,삼창,1,,,
4710,삼청교육대,1,,,
4711,삼황오제,1,,,
4712,삿갓,1,,,
4713,상권,1,,,
4714,상남자,1,,,
4715,상납,1,,,
4716,상대론,1,,,
4717,상대편,1,,,
4718,상메,1,,,
4719,상부상조,1,,,
4720,상속,1,,,
4721,상승,1,,,
4722,상시,1,,,
4723,상임,1,,,
4724,상자,1,,,
4725,상점,1,,,
4726,상존,1,,,
4727,상좀,1,,,
4728,상직,1,,,
4729,상처,1,,,
4730,상쾌,1,,,
4731,상투,1,,,
4732,새벽,1,,,
4733,새우,1,,,
4734,새우깡,1,,,
4735,새퀴,1,,,
4736,색감,1,,,
4737,색기,1,,,
4738,색안경,1,,,
4739,색체,1,,,
4740,샊이들,1,,,
4741,생가,1,,,
4742,생계,1,,,
4743,생때,1,,,
4744,생명체,1,,,
4745,생물학,1,,,
4746,생션,1,,,
4747,생수,1,,,
4748,생체,1,,,
4749,생체실험,1,,,
4750,생태계,1,,,
4751,생화학,1,,,
4752,샤닠,1,,,
4753,샤람,1,,,
4754,샤워,1,,,
4755,샤이층,1,,,
4756,샤인,1,,,
4757,샷건,1,,,
4758,서기,1,,,
4759,서나,1,,,
4760,서남,1,,,
4761,서독,1,,,
4762,서든어택,1,,,
4763,서러움,1,,,
4764,서브컬처,1,,,
4765,서브프라임,1,,,
4766,서서,1,,,
4767,서술,1,,,
4768,서식지,1,,,
4769,서양인,1,,,
4770,서울시,1,,,
4771,서울특별시,1,,,
4772,서주,1,,,
4773,서지,1,,,
4774,서한,1,,,
4775,선관위,1,,,
4776,선뜻,1,,,
4777,선물,1,,,
4778,선민사상,1,,,
4779,선박,1,,,
4780,선배,1,,,
4781,선빵,1,,,
4782,선씨,1,,,
4783,선의,1,,,
4784,설계도,1,,,
4785,설문조사,1,,,
4786,설사,1,,,
4787,설상가상,1,,,
4788,섭쪽,1,,,
4789,성과,1,,,
4790,성넨다,1,,,
4791,성노예,1,,,
4792,성수,1,,,
4793,성씨,1,,,
4794,성적,1,,,
4795,성적표,1,,,
4796,성직자,1,,,
4797,성화,1,,,
4798,세계지도,1,,,
4799,세도,1,,,
4800,세라핌,1,,,
4801,세로드립,1,,,
4802,세분,1,,,
4803,세븐,1,,,
4804,세월,1,,,
4805,세월호,1,,,
4806,세이브,1,,,
4807,세콤,1,,,
4808,센스,1,,,
4809,셀,1,,,
4810,셀프,1,,,
4811,셰익스피어,1,,,
4812,소감,1,,,
4813,소나라,1,,,
4814,소닉,1,,,
4815,소련공산당,1,,,
4816,소망,1,,,
4817,소비재,1,,,
4818,소세지,1,,,
4819,소셜,1,,,
4820,소속,1,,,
4821,소실,1,,,
4822,소위,1,,,
4823,소음공해,1,,,
4824,소인배,1,,,
4825,소임,1,,,
4826,소재,1,,,
4827,소지,1,,,
4828,소통,1,,,
4829,소프트웨어,1,,,
4830,속도,1,,,
4831,속마음,1,,,
4832,손때,1,,,
4833,손바닥,1,,,
4834,솔,1,,,
4835,솔랭,1,,,
4836,쇼생크탈출,1,,,
4837,수권,1,,,
4838,수뇌,1,,,
4839,수당,1,,,
4840,수두,1,,,
4841,수록,1,,,
4842,수메르인,1,,,
4843,수모,1,,,
4844,수박도,1,,,
4845,수비,1,,,
4846,수소,1,,,
4847,수술,1,,,
4848,수시,1,,,
4849,수여,1,,,
4850,수역,1,,,
4851,수의,1,,,
4852,수익금,1,,,
4853,수입품,1,,,
4854,수치심,1,,,
4855,수트,1,,,
4856,수호,1,,,
4857,수호전,1,,,
4858,숙,1,,,
4859,숙원,1,,,
4860,숙제,1,,,
4861,순사,1,,,
4862,순삭,1,,,
4863,순이,1,,,
4864,순자,1,,,
4865,순진무구,1,,,
4866,순차,1,,,
4867,순혈,1,,,
4868,순환,1,,,
4869,술안주,1,,,
4870,숫,1,,,
4871,숭상,1,,,
4872,쉐기들,1,,,
4873,쉣,1,,,
4874,쉬벌,1,,,
4875,쉿,1,,,
4876,쉿벌,1,,,
4877,슈,1,,,
4878,슈타인,1,,,
4879,슈퍼,1,,,
4880,슈퍼맨,1,,,
4881,슙뉘꽈,1,,,
4882,슙니돠,1,,,
4883,스레,1,,,
4884,스르,1,,,
4885,스리,1,,,
4886,스마,1,,,
4887,스마트폰,1,,,
4888,스미싱,1,,,
4889,스밬,1,,,
4890,스카웃,1,,,
4891,스캇,1,,,
4892,스컴,1,,,
4893,스크롤,1,,,
4894,스키타이,1,,,
4895,스킬,1,,,
4896,스탈린,1,,,
4897,스테미너,1,,,
4898,스텍,1,,,
4899,스텝,1,,,
4900,스토어,1,,,
4901,스톤,1,,,
4902,스트,1,,,
4903,스트리밍,1,,,
4904,스트림,1,,,
4905,스틸,1,,,
4906,스파,1,,,
4907,스페인,1,,,
4908,스펙,1,,,
4909,스플뎀,1,,,
4910,슬라브인,1,,,
4911,슬라임,1,,,
4912,슴,1,,,
4913,습뉘,1,,,
4914,승,1,,,
4915,승부,1,,,
4916,승은,1,,,
4917,승인,1,,,
4918,승차,1,,,
4919,시골,1,,,
4920,시그널,1,,,
4921,시기상조,1,,,
4922,시늉,1,,,
4923,시동,1,,,
4924,시민권,1,,,
4925,시민단체,1,,,
4926,시벌,1,,,
4927,시브,1,,,
4928,시설,1,,,
4929,시씨,1,,,
4930,시애틀,1,,,
4931,시인,1,,,
4932,시잇프알,1,,,
4933,시징핑,1,,,
4934,시청,1,,,
4935,시청자,1,,,
4936,시트,1,,,
4937,시황제,1,,,
4938,식견,1,,,
4939,식당,1,,,
4940,식물,1,,,
4941,식민사관,1,,,
4942,식일,1,,,
4943,식임,1,,,
4944,식품,1,,,
4945,신곡,1,,,
4946,신나라,1,,,
4947,신내,1,,,
4948,신라도,1,,,
4949,신명,1,,,
4950,신빙,1,,,
4951,신용,1,,,
4952,신입,1,,,
4953,신작,1,,,
4954,신조어,1,,,
4955,신지,1,,,
4956,신청,1,,,
4957,신체,1,,,
4958,신호,1,,,
4959,실록,1,,,
4960,실무,1,,,
4961,실비,1,,,
4962,실생활,1,,,
4963,실어,1,,,
4964,실언,1,,,
4965,실업,1,,,
4966,실전,1,,,
4967,실존,1,,,
4968,실종,1,,,
4969,실지,1,,,
4970,실토,1,,,
4971,실트,1,,,
4972,심기,1,,,
4973,심리,1,,,
4974,심사,1,,,
4975,심설,1,,,
4976,심성,1,,,
4977,심술,1,,,
4978,심신,1,,,
4979,심심찮,1,,,
4980,심장,1,,,
4981,심정은,1,,,
4982,심천,1,,,
4983,심취,1,,,
4984,심층,1,,,
4985,심판,1,,,
4986,심해,1,,,
4987,심했짘,1,,,
4988,심화,1,,,
4989,십,1,,,
4990,십육국,1,,,
4991,싯,1,,,
4992,싯팔,1,,,
4993,싱,1,,,
4994,싱칭,1,,,
4995,싱크로,1,,,
4996,싸가지,1,,,
4997,싸드때,1,,,
4998,싸우지마,1,,,
4999,싸이트,1,,,
5000,싹싹,1,,,
5001,쌀회,1,,,
5002,쌍성총관부,1,,,
5003,쌍판때,1,,,
5004,쌔기,1,,,
5005,쌔질겁니,1,,,
5006,쌘대,1,,,
5007,쌘데,1,,,
5008,쌨다,1,,,
5009,썅,1,,,
5010,썩,1,,,
5011,썩힌,1,,,
5012,썪,1,,,
5013,썪을때,1,,,
5014,썻다,1,,,
5015,쏙쏙,1,,,
5016,쏼,1,,,
5017,쒸벌,1,,,
5018,쓰래,1,,,
5019,쓰러트려,1,,,
5020,쓰레긴,1,,,
5021,쓰레깈,1,,,
5022,쓰촨,1,,,
5023,쓱,1,,,
5024,씌,1,,,
5025,아구,1,,,
5026,아나톨리아,1,,,
5027,아난,1,,,
5028,아낰,1,,,
5029,아내,1,,,
5030,아니넹,1,,,
5031,아니랄까봨,1,,,
5032,아니랬음,1,,,
5033,아니랭,1,,,
5034,아니쥬,1,,,
5035,아닠지들,1,,,
5036,아닥,1,,,
5037,아돌프님,1,,,
5038,아두,1,,,
5039,아둥바둥,1,,,
5040,아메리카,1,,,
5041,아무나,1,,,
5042,아무무,1,,,
5043,아바타,1,,,
5044,아베,1,,,
5045,아사다,1,,,
5046,아쉬움,1,,,
5047,아악,1,,,
5048,아앙,1,,,
5049,아야카,1,,,
5050,아오지,1,,,
5051,아우슈비츠,1,,,
5052,아유,1,,,
5053,아이덴티티,1,,,
5054,아이디,1,,,
5055,아이탬,1,,,
5056,아이히만,1,,,
5057,아잌,1,,,
5058,아주머니,1,,,
5059,아지,1,,,
5060,아집,1,,,
5061,아침밥,1,,,
5062,아트록스,1,,,
5063,아프간,1,,,
5064,아픔,1,,,
5065,아흔,1,,,
5066,악기,1,,,
5067,악마,1,,,
5068,악역,1,,,
5069,안간힘,1,,,
5070,안감,1,,,
5071,안건,1,,,
5072,안고,1,,,
5073,안꺽으,1,,,
5074,안녕하십니까,1,,,
5075,안당,1,,,
5076,안드,1,,,
5077,안드네,1,,,
5078,안드로이드,1,,,
5079,안만듬,1,,,
5080,안밖,1,,,
5081,안엮이길,1,,,
5082,안위,1,,,
5083,안일,1,,,
5084,안준,1,,,
5085,안중,1,,,
5086,안중근,1,,,
5087,안쪽,1,,,
5088,안쫄,1,,,
5089,안통함,1,,,
5090,안할껍니,1,,,
5091,않스,1,,,
5092,알곤,1,,,
5093,알럽닠,1,,,
5094,알렉산드로스,1,,,
5095,알림,1,,,
5096,알몬,1,,,
5097,알바,1,,,
5098,알앤비,1,,,
5099,알음,1,,,
5100,알파벳,1,,,
5101,알파이,1,,,
5102,암만,1,,,
5103,암컷,1,,,
5104,암호,1,,,
5105,압살,1,,,
5106,압세워,1,,,
5107,앞서,1,,,
5108,앞서서,1,,,
5109,앞잡이,1,,,
5110,애교,1,,,
5111,애국자,1,,,
5112,애꿎,1,,,
5113,애내,1,,,
5114,애니메이션,1,,,
5115,애미,1,,,
5116,애스끼들,1,,,
5117,애시,1,,,
5118,애액,1,,,
5119,애용,1,,,
5120,애인,1,,,
5121,애칭,1,,,
5122,애플,1,,,
5123,액,1,,,
5124,앤데,1,,,
5125,앨범,1,,,
5126,앱스토어,1,,,
5127,앵무새,1,,,
5128,야경,1,,,
5129,야구,1,,,
5130,야만인,1,,,
5131,야만족,1,,,
5132,야망,1,,,
5133,야식,1,,,
5134,야심,1,,,
5135,야야,1,,,
5136,야율초재,1,,,
5137,야인시대,1,,,
5138,야합,1,,,
5139,약관,1,,,
5140,약속,1,,,
5141,약육강식,1,,,
5142,얀,1,,,
5143,얌,1,,,
5144,얍,1,,,
5145,얐,1,,,
5146,양국,1,,,
5147,양극화,1,,,
5148,양도,1,,,
5149,양옆,1,,,
5150,양은,1,,,
5151,양쯔강,1,,,
5152,양파,1,,,
5153,양형,1,,,
5154,얘길,1,,,
5155,얘내,1,,,
5156,얘드,1,,,
5157,어,1,,,
5158,어가,1,,,
5159,어감,1,,,
5160,어게인,1,,,
5161,어글,1,,,
5162,어기,1,,,
5163,어덯,1,,,
5164,어도,1,,,
5165,어둠,1,,,
5166,어드,1,,,
5167,어딧,1,,,
5168,어딧어,1,,,
5169,어른,1,,,
5170,어린이,1,,,
5171,어마,1,,,
5172,어머님,1,,,
5173,어보,1,,,
5174,어울림,1,,,
5175,어이쿠,1,,,
5176,어제,1,,,
5177,어째서,1,,,
5178,어쨰,1,,,
5179,어쩌겠,1,,,
5180,어쩌겠음,1,,,
5181,어쩌시려,1,,,
5182,어쩌피,1,,,
5183,어캐,1,,,
5184,어케될,1,,,
5185,어케해,1,,,
5186,어퍼컷,1,,,
5187,어필,1,,,
5188,억,1,,,
5189,억제,1,,,
5190,언니,1,,,
5191,언론사,1,,,
5192,언론인,1,,,
5193,언변,1,,,
5194,언사,1,,,
5195,언차티드,1,,,
5196,언플,1,,,
5197,얼른,1,,,
5198,얼스,1,,,
5199,얼얼,1,,,
5200,얼탱,1,,,
5201,얼핏,1,,,
5202,엄,1,,,
5203,엄눈뎅,1,,,
5204,엄지,1,,,
5205,업보,1,,,
5206,업청,1,,,
5207,없넼,1,,,
5208,없엇으,1,,,
5209,없을떄,1,,,
5210,엉터리,1,,,
5211,에,1,,,
5212,에욱,1,,,
5213,에이전트,1,,,
5214,에이즈,1,,,
5215,에잉,1,,,
5216,에플,1,,,
5217,에픽,1,,,
5218,엑세스,1,,,
5219,엑셀,1,,,
5220,엔씨,1,,,
5221,엔터,1,,,
5222,엔터테이먼트,1,,,
5223,엘리,1,,,
5224,여고생,1,,,
5225,여권,1,,,
5226,여대,1,,,
5227,여럿,1,,,
5228,여론조작,1,,,
5229,여름,1,,,
5230,여물,1,,,
5231,여신,1,,,
5232,여유,1,,,
5233,여자아이,1,,,
5234,여자애,1,,,
5235,여친,1,,,
5236,여포,1,,,
5237,여행가,1,,,
5238,역량,1,,,
5239,역린,1,,,
5240,역사교육,1,,,
5241,역사스페셜,1,,,
5242,역사학,1,,,
5243,역설,1,,,
5244,역수,1,,,
5245,역쉬,1,,,
5246,역적,1,,,
5247,역함,1,,,
5248,엮여있,1,,,
5249,연구기관,1,,,
5250,연구소,1,,,
5251,연구소장,1,,,
5252,연구자,1,,,
5253,연기,1,,,
5254,연습,1,,,
5255,연예,1,,,
5256,연예계,1,,,
5257,연지곤지,1,,,
5258,연차,1,,,
5259,연하,1,,,
5260,연합국,1,,,
5261,연호,1,,,
5262,열쇠,1,,,
5263,염치,1,,,
5264,엿같,1,,,
5265,엿같은,1,,,
5266,영광,1,,,
5267,영구,1,,,
5268,영국인,1,,,
5269,영물,1,,,
5270,영사,1,,,
5271,영생,1,,,
5272,영수증,1,,,
5273,영역,1,,,
5274,영영,1,,,
5275,영웅문,1,,,
5276,영자,1,,,
5277,영주권,1,,,
5278,영주권자,1,,,
5279,영화계,1,,,
5280,영화로,1,,,
5281,영화사,1,,,
5282,예감,1,,,
5283,예수님,1,,,
5284,예약,1,,,
5285,예의범절,1,,,
5286,예일,1,,,
5287,예절,1,,,
5288,옘병,1,,,
5289,옘비,1,,,
5290,옛말,1,,,
5291,오기,1,,,
5292,오륜,1,,,
5293,오르가즘,1,,,
5294,오리진,1,,,
5295,오메가,1,,,
5296,오버,1,,,
5297,오비,1,,,
5298,오성홍기,1,,,
5299,오스트레일리아,1,,,
5300,오시,1,,,
5301,오우야,1,,,
5302,오인,1,,,
5303,오족공화,1,,,
5304,오천,1,,,
5305,오타,1,,,
5306,오토바이,1,,,
5307,오프라인,1,,,
5308,오호십육국,1,,,
5309,오환,1,,,
5310,오후,1,,,
5311,옥상,1,,,
5312,옥새,1,,,
5313,온통,1,,,
5314,온플릭,1,,,
5315,올챙이,1,,,
5316,옵션,1,,,
5317,옷고름,1,,,
5318,옷살,1,,,
5319,옷안,1,,,
5320,옷차림,1,,,
5321,옹정제,1,,,
5322,와일드,1,,,
5323,완료,1,,,
5324,완정항복,1,,,
5325,완제,1,,,
5326,왕도,1,,,
5327,왕비,1,,,
5328,왕서,1,,,
5329,왕자,1,,,
5330,왕정,1,,,
5331,왕족,1,,,
5332,왕중,1,,,
5333,왕창,1,,,
5334,왕흥민,1,,,
5335,외계,1,,,
5336,외곡,1,,,
5337,외교관,1,,,
5338,외국어,1,,,
5339,외무성,1,,,
5340,외유,1,,,
5341,외질,1,,,
5342,외할아버지,1,,,
5343,외형,1,,,
5344,요기,1,,,
5345,요덕수용소,1,,,
5346,요동정벌,1,,,
5347,요사,1,,,
5348,요원,1,,,
5349,요인,1,,,
5350,요지,1,,,
5351,요충지,1,,,
5352,요하,1,,,
5353,용납,1,,,
5354,용서,1,,,
5355,용소,1,,,
5356,용의,1,,,
5357,용지,1,,,
5358,우격다짐,1,,,
5359,우군,1,,,
5360,우마오당,1,,,
5361,우매,1,,,
5362,우산,1,,,
5363,우성,1,,,
5364,우수수,1,,,
5365,우스갯소리,1,,,
5366,우승자,1,,,
5367,우심방,1,,,
5368,우연,1,,,
5369,우열,1,,,
5370,우월,1,,,
5371,우웩,1,,,
5372,우익,1,,,
5373,우중,1,,,
5374,우체국,1,,,
5375,우측,1,,,
5376,우환,1,,,
5377,우후죽순,1,,,
5378,욱,1,,,
5379,욱겨,1,,,
5380,욱일승천기,1,,,
5381,운발,1,,,
5382,운석,1,,,
5383,울,1,,,
5384,울궈,1,,,
5385,울음,1,,,
5386,울음소리,1,,,
5387,움직,1,,,
5388,웃,1,,,
5389,웃겼닼,1,,,
5390,웃픈,1,,,
5391,웅,1,,,
5392,웅엥웅,1,,,
5393,워워,1,,,
5394,원금,1,,,
5395,원도,1,,,
5396,원론,1,,,
5397,원리,1,,,
5398,원말,1,,,
5399,원명,1,,,
5400,원산지,1,,,
5401,원샷,1,,,
5402,원소,1,,,
5403,원숭이,1,,,
5404,원시,1,,,
5405,원자력,1,,,
5406,원자력발전소,1,,,
5407,원자바오,1,,,
5408,원자재,1,,,
5409,원자폭탄,1,,,
5410,원칙,1,,,
5411,원한,1,,,
5412,원함,1,,,
5413,원형,1,,,
5414,원흉,1,,,
5415,월나라,1,,,
5416,월드,1,,,
5417,월드컵,1,,,
5418,월세,1,,,
5419,웹,1,,,
5420,위나라,1,,,
5421,위력,1,,,
5422,위만조선,1,,,
5423,위맨,1,,,
5424,위상,1,,,
5425,위선,1,,,
5426,위안,1,,,
5427,위안화,1,,,
5428,위옆,1,,,
5429,위원,1,,,
5430,위장,1,,,
5431,위진남북조,1,,,
5432,위촉,1,,,
5433,위층,1,,,
5434,위함임,1,,,
5435,위헌,1,,,
5436,위험성,1,,,
5437,윈도,1,,,
5438,윈신,1,,,
5439,유감,1,,,
5440,유나이티드,1,,,
5441,유독,1,,,
5442,유로파,1,,,
5443,유린,1,,,
5444,유명인,1,,,
5445,유목민족,1,,,
5446,유발,1,,,
5447,유분수,1,,,
5448,유서,1,,,
5449,유세,1,,,
5450,유신,1,,,
5451,유심,1,,,
5452,유야무야,1,,,
5453,유엔,1,,,
5454,유엔기,1,,,
5455,유우,1,,,
5456,유의,1,,,
5457,유인원,1,,,
5458,유전,1,,,
5459,유족,1,,,
5460,유추,1,,,
5461,유치원,1,,,
5462,유쾌,1,,,
5463,유태인,1,,,
5464,유튜버들,1,,,
5465,유튜버입니,1,,,
5466,유행어,1,,,
5467,육성,1,,,
5468,육식동물,1,,,
5469,윤동주,1,,,
5470,윤리,1,,,
5471,윤미향,1,,,
5472,윷놀이,1,,,
5473,은색,1,,,
5474,음모,1,,,
5475,음소거,1,,,
5476,음악,1,,,
5477,음주운전,1,,,
5478,음해,1,,,
5479,응답,1,,,
5480,응용,1,,,
5481,의료,1,,,
5482,의병,1,,,
5483,의아,1,,,
5484,의용군,1,,,
5485,의원님,1,,,
5486,의의,1,,,
5487,이괄,1,,,
5488,이구,1,,,
5489,이기전,1,,,
5490,이기주의,1,,,
5491,이내,1,,,
5492,이동,1,,,
5493,이레,1,,,
5494,이력서,1,,,
5495,이론,1,,,
5496,이마,1,,,
5497,이면상,1,,,
5498,이민자,1,,,
5499,이민하,1,,,
5500,이바지,1,,,
5501,이발,1,,,
5502,이보,1,,,
5503,이북,1,,,
5504,이불,1,,,
5505,이사,1,,,
5506,이상일,1,,,
5507,이상헌,1,,,
5508,이색,1,,,
5509,이서,1,,,
5510,이성,1,,,
5511,이소리,1,,,
5512,이송,1,,,
5513,이쉑기,1,,,
5514,이스포츠,1,,,
5515,이슬람국,1,,,
5516,이승,1,,,
5517,이양,1,,,
5518,이어도,1,,,
5519,이완용,1,,,
5520,이유지,1,,,
5521,이이,1,,,
5522,이인,1,,,
5523,이재용,1,,,
5524,이중,1,,,
5525,이집,1,,,
5526,이차전지,1,,,
5527,이천,1,,,
5528,이치,1,,,
5529,이탈,1,,,
5530,이탈리아전,1,,,
5531,이토히로부미,1,,,
5532,이해력,1,,,
5533,이해해,1,,,
5534,이호,1,,,
5535,익명,1,,,
5536,인간관계,1,,,
5537,인간성,1,,,
5538,인감,1,,,
5539,인건비,1,,,
5540,인과,1,,,
5541,인규,1,,,
5542,인내심,1,,,
5543,인뎅,1,,,
5544,인도양,1,,,
5545,인도유럽어,1,,,
5546,인민대회당,1,,,
5547,인방,1,,,
5548,인분,1,,,
5549,인심,1,,,
5550,인의,1,,,
5551,인재,1,,,
5552,인적,1,,,
5553,인적자원,1,,,
5554,인정이,1,,,
5555,인제,1,,,
5556,인조,1,,,
5557,인종청소,1,,,
5558,인증서,1,,,
5559,인질,1,,,
5560,인트라넷,1,,,
5561,인팟이,1,,,
5562,인피니티,1,,,
5563,인형,1,,,
5564,일각,1,,,
5565,일과,1,,,
5566,일라나,1,,,
5567,일러스트,1,,,
5568,일련,1,,,
5569,일류,1,,,
5570,일링,1,,,
5571,일말,1,,,
5572,일명,1,,,
5573,일베충,1,,,
5574,일본군,1,,,
5575,일본말,1,,,
5576,일본제국,1,,,
5577,일자리,1,,,
5578,일장기,1,,,
5579,일지,1,,,
5580,일찍,1,,,
5581,일찐,1,,,
5582,임나,1,,,
5583,임도,1,,,
5584,임명,1,,,
5585,임시,1,,,
5586,임진,1,,,
5587,임진록,1,,,
5588,입김,1,,,
5589,입법,1,,,
5590,입법부,1,,,
5591,입증,1,,,
5592,입찰,1,,,
5593,잉글랜드,1,,,
5594,자감,1,,,
5595,자객,1,,,
5596,자괴감드,1,,,
5597,자금,1,,,
5598,자급자족,1,,,
5599,자동,1,,,
5600,자동차,1,,,
5601,자락,1,,,
5602,자랑거리,1,,,
5603,자력,1,,,
5604,자릿수,1,,,
5605,자마자,1,,,
5606,자발,1,,,
5607,자부,1,,,
5608,자서전,1,,,
5609,자손,1,,,
5610,자승,1,,,
5611,자시,1,,,
5612,자아,1,,,
5613,자업자득,1,,,
5614,자연재해,1,,,
5615,자위,1,,,
5616,자유권,1,,,
5617,자유사상,1,,,
5618,자유시장경제,1,,,
5619,자유중국,1,,,
5620,자의,1,,,
5621,자이시,1,,,
5622,자임,1,,,
5623,자재,1,,,
5624,자정,1,,,
5625,자주독립,1,,,
5626,자진,1,,,
5627,자청,1,,,
5628,자초,1,,,
5629,자치령,1,,,
5630,자칭,1,,,
5631,자학,1,,,
5632,자행,1,,,
5633,자화자찬,1,,,
5634,작물,1,,,
5635,작용,1,,,
5636,작작,1,,,
5637,잔제,1,,,
5638,잘잘못,1,,,
5639,잠꼬대,1,,,
5640,잠적,1,,,
5641,잡종,1,,,
5642,잣밥,1,,,
5643,장개석,1,,,
5644,장난감,1,,,
5645,장님,1,,,
5646,장담,1,,,
5647,장대,1,,,
5648,장땡임,1,,,
5649,장르,1,,,
5650,장백산,1,,,
5651,장사꾼,1,,,
5652,장쉐량,1,,,
5653,장작,1,,,
5654,장졔스,1,,,
5655,장쩌민,1,,,
5656,장첸,1,,,
5657,장화,1,,,
5658,잨,1,,,
5659,재난,1,,,
5660,재능,1,,,
5661,재능기부,1,,,
5662,재도,1,,,
5663,재력,1,,,
5664,재민,1,,,
5665,재발,1,,,
5666,재선,1,,,
5667,재연,1,,,
5668,재인,1,,,
5669,재주,1,,,
5670,재학생,1,,,
5671,재해,1,,,
5672,잭,1,,,
5673,잼꼰씹,1,,,
5674,잿불,1,,,
5675,저격,1,,,
5676,저고리,1,,,
5677,저능,1,,,
5678,저니,1,,,
5679,저대로,1,,,
5680,저따위,1,,,
5681,저술,1,,,
5682,저열,1,,,
5683,저자,1,,,
5684,저주,1,,,
5685,저쩌고,1,,,
5686,저하,1,,,
5687,적립,1,,,
5688,적자,1,,,
5689,적지,1,,,
5690,적폐입니돠,1,,,
5691,전격,1,,,
5692,전결,1,,,
5693,전기차,1,,,
5694,전라도,1,,,
5695,전락,1,,,
5696,전력,1,,,
5697,전례,1,,,
5698,전만,1,,,
5699,전문,1,,,
5700,전방,1,,,
5701,전복,1,,,
5702,전예,1,,,
5703,전용,1,,,
5704,전월세,1,,,
5705,전임,1,,,
5706,전자,1,,,
5707,전자종이,1,,,
5708,전적,1,,,
5709,전제,1,,,
5710,전지현,1,,,
5711,전차,1,,,
5712,전채,1,,,
5713,전투,1,,,
5714,전투기,1,,,
5715,전투력,1,,,
5716,전하,1,,,
5717,전함,1,,,
5718,전해,1,,,
5719,전화,1,,,
5720,전화기,1,,,
5721,전화번호,1,,,
5722,전환,1,,,
5723,절대반지,1,,,
5724,절로,1,,,
5725,절벽,1,,,
5726,절실,1,,,
5727,절제,1,,,
5728,젊은이,1,,,
5729,젋은층,1,,,
5730,점사,1,,,
5731,점수,1,,,
5732,점임,1,,,
5733,점정,1,,,
5734,점젬,1,,,
5735,점진,1,,,
5736,점차,1,,,
5737,점화,1,,,
5738,접시,1,,,
5739,접촉,1,,,
5740,정강이,1,,,
5741,정기,1,,,
5742,정날,1,,,
5743,정당방위,1,,,
5744,정당성,1,,,
5745,정당화,1,,,
5746,정도껏해,1,,,
5747,정론,1,,,
5748,정립,1,,,
5749,정묘호란,1,,,
5750,정석,1,,,
5751,정싄뵹자,1,,,
5752,정우성,1,,,
5753,정으니,1,,,
5754,정의감,1,,,
5755,정이,1,,,
5756,정장,1,,,
5757,정정,1,,,
5758,정제,1,,,
5759,정지,1,,,
5760,정치계,1,,,
5761,정치사,1,,,
5762,정치자금,1,,,
5763,정한론,1,,,
5764,정해,1,,,
5765,정화,1,,,
5766,정확,1,,,
5767,정황,1,,,
5768,제갈,1,,,
5769,제곱,1,,,
5770,제구,1,,,
5771,제대,1,,,
5772,제독,1,,,
5773,제법,1,,,
5774,제보,1,,,
5775,제삿밥,1,,,
5776,제스,1,,,
5777,제압,1,,,
5778,제이,1,,,
5779,제인,1,,,
5780,제작사,1,,,
5781,제적,1,,,
5782,제정,1,,,
5783,제조,1,,,
5784,제주,1,,,
5785,제청,1,,,
5786,제하,1,,,
5787,젠틀,1,,,
5788,조건,1,,,
5789,조기,1,,,
5790,조달,1,,,
5791,조리돌림,1,,,
5792,조명,1,,,
5793,조선국,1,,,
5794,조선왕조,1,,,
5795,조오,1,,,
5796,조운,1,,,
5797,조정,1,,,
5798,조커,1,,,
5799,조합,1,,,
5800,족보,1,,,
5801,존귀,1,,,
5802,존버,1,,,
5803,존속,1,,,
5804,존잘님,1,,,
5805,존잼,1,,,
5806,존화양이,1,,,
5807,졸부,1,,,
5808,좀비,1,,,
5809,좃,1,,,
5810,좃댐,1,,,
5811,종가,1,,,
5812,종대,1,,,
5813,종북좌파,1,,,
5814,종식,1,,,
5815,종합,1,,,
5816,좆겜,1,,,
5817,좆망,1,,,
5818,좆무,1,,,
5819,좆밥,1,,,
5820,좇는,1,,,
5821,좌익,1,,,
5822,좌지우지,1,,,
5823,좌측,1,,,
5824,죄인,1,,,
5825,주년,1,,,
5826,주로,1,,,
5827,주마,1,,,
5828,주말,1,,,
5829,주머니,1,,,
5830,주모,1,,,
5831,주방,1,,,
5832,주변인,1,,,
5833,주섬주섬,1,,,
5834,주시,1,,,
5835,주식회사,1,,,
5836,주신,1,,,
5837,주옥,1,,,
5838,주요,1,,,
5839,주원장,1,,,
5840,주인,1,,,
5841,주접,1,,,
5842,주주,1,,,
5843,주지,1,,,
5844,주차장,1,,,
5845,주체,1,,,
5846,주최,1,,,
5847,주축,1,,,
5848,주화,1,,,
5849,죽장,1,,,
5850,준수,1,,,
5851,줄다리기,1,,,
5852,줄타기,1,,,
5853,중간광고,1,,,
5854,중겜,1,,,
5855,중견,1,,,
5856,중계,1,,,
5857,중국국민당,1,,,
5858,중국몽속,1,,,
5859,중국방송,1,,,
5860,중국사,1,,,
5861,중국사상,1,,,
5862,중국어학,1,,,
5863,중궈게임,1,,,
5864,중궈겜,1,,,
5865,중궐런이세,1,,,
5866,중금속,1,,,
5867,중꿔몽,1,,,
5868,중난하이,1,,,
5869,중드,1,,,
5870,중리,1,,,
5871,중반,1,,,
5872,중사,1,,,
5873,중삭,1,,,
5874,중섭,1,,,
5875,중순,1,,,
5876,중엽,1,,,
5877,중영,1,,,
5878,중요시,1,,,
5879,중일,1,,,
5880,중일전쟁,1,,,
5881,중전,1,,,
5882,중졸,1,,,
5883,중지,1,,,
5884,중특,1,,,
5885,중화권,1,,,
5886,중화문명탐원공정,1,,,
5887,중화제국,1,,,
5888,즉시,1,,,
5889,즐,1,,,
5890,증국애,1,,,
5891,증류,1,,,
5892,증식,1,,,
5893,증언,1,,,
5894,증진,1,,,
5895,증후군,1,,,
5896,지구온난화,1,,,
5897,지도자,1,,,
5898,지라,1,,,
5899,지랄병,1,,,
5900,지랄옘병,1,,,
5901,지뢰,1,,,
5902,지름길,1,,,
5903,지민,1,,,
5904,지방정부,1,,,
5905,지배인,1,,,
5906,지배자,1,,,
5907,지병,1,,,
5908,지불,1,,,
5909,지상파,1,,,
5910,지성인,1,,,
5911,지송지송,1,,,
5912,지수,1,,,
5913,지시,1,,,
5914,지애,1,,,
5915,지역락,1,,,
5916,지옥불,1,,,
5917,지장,1,,,
5918,지적,1,,,
5919,지진,1,,,
5920,지킴,1,,,
5921,지폐,1,,,
5922,지표,1,,,
5923,지하실,1,,,
5924,지하철,1,,,
5925,지해,1,,,
5926,지향,1,,,
5927,직감,1,,,
5928,직격,1,,,
5929,직관,1,,,
5930,직구,1,,,
5931,직성,1,,,
5932,직위,1,,,
5933,직임,1,,,
5934,직장,1,,,
5935,직책,1,,,
5936,직행,1,,,
5937,직후,1,,,
5938,진등,1,,,
5939,진실인,1,,,
5940,진자,1,,,
5941,진지,1,,,
5942,진품,1,,,
5943,질감,1,,,
5944,질라,1,,,
5945,질문,1,,,
5946,질절,1,,,
5947,질질,1,,,
5948,짐슴,1,,,
5949,짐작,1,,,
5950,집도,1,,,
5951,집창촌,1,,,
5952,집회,1,,,
5953,징글징글,1,,,
5954,징기스칸,1,,,
5955,징벌,1,,,
5956,징병,1,,,
5957,징용,1,,,
5958,징집,1,,,
5959,징징,1,,,
5960,짜샤,1,,,
5961,짜장라면,1,,,
5962,짭쭝꿔,1,,,
5963,짱쩌민,1,,,
5964,쪽수,1,,,
5965,쪽쪽,1,,,
5966,쫀심,1,,,
5967,쫄딱,1,,,
5968,쫌팽이,1,,,
5969,쭉쭉,1,,,
5970,쭝국겜,1,,,
5971,쭝궈임,1,,,
5972,쭝꿔겜,1,,,
5973,쭝꿔들,1,,,
5974,쭝꿔몰,1,,,
5975,쭹궈른,1,,,
5976,쭹꿔됨,1,,,
5977,찌밥,1,,,
5978,찐따,1,,,
5979,찐핑,1,,,
5980,찡꽐라들,1,,,
5981,차관,1,,,
5982,차리기,1,,,
5983,차별금지법,1,,,
5984,차세대,1,,,
5985,차용,1,,,
5986,차이점,1,,,
5987,착용,1,,,
5988,착읍죽읍,1,,,
5989,찰싹,1,,,
5990,참모,1,,,
5991,참사,1,,,
5992,참석,1,,,
5993,참전용사,1,,,
5994,창관,1,,,
5995,창구,1,,,
5996,창남,1,,,
5997,창녀,1,,,
5998,창조론자,1,,,
5999,창피해,1,,,
6000,채금,1,,,
6001,채용,1,,,
6002,책략,1,,,
6003,책상,1,,,
6004,책속,1,,,
6005,챙녀,1,,,
6006,챙피,1,,,
6007,챠,1,,,
6008,처맞을떄,1,,,
6009,처분,1,,,
6010,처치,1,,,
6011,처형,1,,,
6012,척살,1,,,
6013,척질,1,,,
6014,천리장성,1,,,
6015,천민,1,,,
6016,천보,1,,,
6017,천상,1,,,
6018,천세,1,,,
6019,천억배,1,,,
6020,천인,1,,,
6021,천재지변,1,,,
6022,천추,1,,,
6023,철,1,,,
6024,철광석,1,,,
6025,철릭,1,,,
6026,철면피,1,,,
6027,철회,1,,,
6028,첨가,1,,,
6029,첨단,1,,,
6030,첩,1,,,
6031,첩보,1,,,
6032,첫째,1,,,
6033,청대,1,,,
6034,청때,1,,,
6035,청렴,1,,,
6036,청사고,1,,,
6037,청색,1,,,
6038,청소기,1,,,
6039,청소년,1,,,
6040,청일전쟁,1,,,
6041,청자,1,,,
6042,체감,1,,,
6043,체널,1,,,
6044,체력,1,,,
6045,체르노빌,1,,,
6046,체인,1,,,
6047,체재,1,,,
6048,체적,1,,,
6049,체중,1,,,
6050,체크아웃,1,,,
6051,첼린,1,,,
6052,초강대국,1,,,
6053,초명,1,,,
6054,초밥,1,,,
6055,초석,1,,,
6056,초시,1,,,
6057,초야권,1,,,
6058,초원,1,,,
6059,초인,1,,,
6060,초차,1,,,
6061,초창,1,,,
6062,초청,1,,,
6063,촌놈,1,,,
6064,촛불,1,,,
6065,촛불시위,1,,,
6066,총리,1,,,
6067,총살,1,,,
6068,총장,1,,,
6069,총통,1,,,
6070,촥짱줙짱,1,,,
6071,최고봉,1,,,
6072,최면,1,,,
6073,최선,1,,,
6074,최신유행,1,,,
6075,최애,1,,,
6076,최저,1,,,
6077,최전선,1,,,
6078,최첨단,1,,,
6079,최학,1,,,
6080,쵝오,1,,,
6081,쵝오시,1,,,
6082,추격,1,,,
6083,추세,1,,,
6084,추종,1,,,
6085,추후,1,,,
6086,축재,1,,,
6087,축적,1,,,
6088,축출,1,,,
6089,춘추전국,1,,,
6090,출구,1,,,
6091,출근,1,,,
6092,출발,1,,,
6093,출사,1,,,
6094,출산율,1,,,
6095,출생지,1,,,
6096,출장,1,,,
6097,출하,1,,,
6098,출현,1,,,
6099,춥다,1,,,
6100,충만,1,,,
6101,충전,1,,,
6102,충족,1,,,
6103,충직,1,,,
6104,취득,1,,,
6105,취미,1,,,
6106,취사,1,,,
6107,취지,1,,,
6108,취향,1,,,
6109,측은,1,,,
6110,치레,1,,,
6111,치료,1,,,
6112,치마폭,1,,,
6113,치매,1,,,
6114,치욕,1,,,
6115,치트키,1,,,
6116,칙령,1,,,
6117,친선,1,,,
6118,친척,1,,,
6119,친추,1,,,
6120,침공,1,,,
6121,침대,1,,,
6122,침체,1,,,
6123,침팬치,1,,,
6124,칭키즈칸,1,,,
6125,카,1,,,
6126,카리스마,1,,,
6127,카메라,1,,,
6128,카밀,1,,,
6129,카와이,1,,,
6130,카우보이,1,,,
6131,카운트,1,,,
6132,카이스트,1,,,
6133,카톨릭,1,,,
6134,칼침,1,,,
6135,캡쳐,1,,,
6136,커넥션,1,,,
6137,커넥트,1,,,
6138,커뮤,1,,,
6139,커엽,1,,,
6140,커피,1,,,
6141,컨트리,1,,,
6142,컴퓨터,1,,,
6143,컴플렉스,1,,,
6144,컵,1,,,
6145,케이스,1,,,
6146,코로나바이러스,1,,,
6147,코마,1,,,
6148,코스,1,,,
6149,코스프레,1,,,
6150,코앞,1,,,
6151,코웃음,1,,,
6152,코지,1,,,
6153,코트,1,,,
6154,콘솔,1,,,
6155,콘텐츠,1,,,
6156,콜라,1,,,
6157,콜라보레이션,1,,,
6158,콜오브듀티,1,,,
6159,콜옵,1,,,
6160,콤플렉스,1,,,
6161,콧구멍,1,,,
6162,쿠사리,1,,,
6163,쿠카이,1,,,
6164,쿠팡,1,,,
6165,퀄리티답,1,,,
6166,큐브,1,,,
6167,크로마,1,,,
6168,크로스,1,,,
6169,크리에이터,1,,,
6170,크리티컬,1,,,
6171,큰소리,1,,,
6172,클린,1,,,
6173,키더,1,,,
6174,키모노,1,,,
6175,키배뜸,1,,,
6176,키신,1,,,
6177,킬댐올,1,,,
6178,킬포,1,,,
6179,킴,1,,,
6180,킴좌진,1,,,
6181,킹,1,,,
6182,킹리,1,,,
6183,킹스,1,,,
6184,타개,1,,,
6185,타게팅,1,,,
6186,타겟,1,,,
6187,타락,1,,,
6188,타르,1,,,
6189,타오,1,,,
6190,타의,1,,,
6191,타입,1,,,
6192,타조,1,,,
6193,타치,1,,,
6194,타파,1,,,
6195,탁상공론,1,,,
6196,탄소,1,,,
6197,탄탄,1,,,
6198,탈것,1,,,
6199,탈곡,1,,,
6200,탈당,1,,,
6201,탈수,1,,,
6202,탈춤,1,,,
6203,탐라총관부,1,,,
6204,탐사,1,,,
6205,탑신,1,,,
6206,탕수육,1,,,
6207,태극권,1,,,
6208,태러,1,,,
6209,태생,1,,,
6210,태자당,1,,,
6211,태황,1,,,
6212,택,1,,,
6213,택동,1,,,
6214,탭댄스,1,,,
6215,턱,1,,,
6216,턱밑,1,,,
6217,턱턱,1,,,
6218,턱회칠,1,,,
6219,털,1,,,
6220,텃세,1,,,
6221,테라포밍,1,,,
6222,테란,1,,,
6223,테스,1,,,
6224,테스트,1,,,
6225,테일즈,1,,,
6226,텐안문,1,,,
6227,톈안몐,1,,,
6228,토고,1,,,
6229,토리,1,,,
6230,토마토,1,,,
6231,토문강,1,,,
6232,토번,1,,,
6233,토주,1,,,
6234,토치,1,,,
6235,토함,1,,,
6236,통감부,1,,,
6237,통법,1,,,
6238,통보,1,,,
6239,통상,1,,,
6240,통신,1,,,
6241,통신사,1,,,
6242,통용,1,,,
6243,통일신라,1,,,
6244,통째,1,,,
6245,통찰,1,,,
6246,통채,1,,,
6247,통탄,1,,,
6248,퇴치,1,,,
6249,투닥,1,,,
6250,투디,1,,,
6251,투자가,1,,,
6252,투척,1,,,
6253,투하,1,,,
6254,퉁,1,,,
6255,퉁퉁이,1,,,
6256,트랜,1,,,
6257,트럼트,1,,,
6258,트럼피즘,1,,,
6259,트렌드,1,,,
6260,트위치,1,,,
6261,특기,1,,,
6262,특허권,1,,,
6263,틀니,1,,,
6264,틀딱님,1,,,
6265,티끌,1,,,
6266,티베트어,1,,,
6267,티타임,1,,,
6268,파라미터,1,,,
6269,파란,1,,,
6270,파로호,1,,,
6271,파쇼,1,,,
6272,파시,1,,,
6273,파시스트,1,,,
6274,파업,1,,,
6275,파의,1,,,
6276,파죽지세,1,,,
6277,파크,1,,,
6278,팍,1,,,
6279,판결,1,,,
6280,판단력,1,,,
6281,판타지,1,,,
6282,팔레스타인,1,,,
6283,팔방,1,,,
6284,팔이,1,,,
6285,팔짱,1,,,
6286,패기,1,,,
6287,패리,1,,,
6288,패밀리,1,,,
6289,패션왕,1,,,
6290,패시,1,,,
6291,패악,1,,,
6292,패왕별희,1,,,
6293,패자,1,,,
6294,패착,1,,,
6295,패키지,1,,,
6296,패턴,1,,,
6297,패티,1,,,
6298,팬더스,1,,,
6299,팬덤,1,,,
6300,팬심,1,,,
6301,팬아트,1,,,
,,,,,
,팰수있는,1,,,
,팻,1,,,
,팻맨,1,,,
,팽이,1,,,
,퍠권국,1,,,
,퍼블리싱,1,,,
,퍼시픽림,1,,,
,퍼즐,1,,,
,퍽킹,1,,,
,펄,1,,,
,펌프,1,,,
,펑,1,,,
,펑더화이,1,,,
,페미니즘,1,,,
,페쇠적,1,,,
,페스티발,1,,,
,페스티벌,1,,,
,페야,1,,,
,페이드아웃,1,,,
,페이지,1,,,
,펜션,1,,,
,펜타곤,1,,,
,펭귄,1,,,
,편승,1,,,
,편일,1,,,
,편임,1,,,
,편전,1,,,
,편집증,1,,,
,편찬,1,,,
,편파,1,,,
,편협,1,,,
,평균수명,1,,,
,평단,1,,,
,평론가,1,,,
,평방미터,1,,,
,평상시,1,,,
,평양,1,,,
,평판,1,,,
,평행,1,,,
,평행선,1,,,
,폐,1,,,
,폐쇄주,1,,,
,폐쥐,1,,,
,포구,1,,,
,포로,1,,,
,포맷,1,,,
,포밍,1,,,
,포위,1,,,
,포장,1,,,
,포카리,1,,,
,포커싱,1,,,
,포털사이트,1,,,
,포텐터,1,,,
,폭딜,1,,,
,폭압,1,,,
,폭주,1,,,
,폭풍,1,,,
,폴란드,1,,,
,폼,1,,,
,표면,1,,,
,표방,1,,,
,표빨,1,,,
,푸라면,1,,,
,푼,1,,,
,푼돈,1,,,
,풀림,1,,,
,풍,1,,,
,풍자,1,,,
,풒,1,,,
,프레,1,,,
,프로게임단,1,,,
,프로젝터,1,,,
,프리덤,1,,,
,프린트,1,,,
,프사,1,,,
,플랫폼,1,,,
,플러스,1,,,
,플레디스,1,,,
,플레이스토어,1,,,
,피떡,1,,,
,피로,1,,,
,피부,1,,,
,피부색,1,,,
,피싱,1,,,
,피씨,1,,,
,피젠량,1,,,
,피지,1,,,
,피폭,1,,,
,피하,1,,,
,픽하,1,,,
,핀,1,,,
,필드,1,,,
,필요성,1,,,
,핍박,1,,,
,핏줄,1,,,
,하나라,1,,,
,하느님,1,,,
,하드디스크,1,,,
,하드웨어,1,,,
,하등,1,,,
,하디,1,,,
,하락,1,,,
,하란,1,,,
,하반기,1,,,
,하상주단대공정,1,,,
,하얼빈,1,,,
,하은,1,,,
,하이킥,1,,,
,하일,1,,,
,하츠네미쿠,1,,,
,학국뽕,1,,,
,학문,1,,,
,학벌,1,,,
,학습,1,,,
,한강,1,,,
,한국전력,1,,,
,한국팬,1,,,
,한글화,1,,,
,한라산,1,,,
,한마음,1,,,
,한몫,1,,,
,한문,1,,,
,한바탕,1,,,
,한세대,1,,,
,한소리,1,,,
,한수,1,,,
,한순간,1,,,
,한숨,1,,,
,한스타,1,,,
,한어병음,1,,,
,한울,1,,,
,한일,1,,,
,한자리,1,,,
,한자어,1,,,
,한중일,1,,,
,한탄,1,,,
,할리우드,1,,,
,할배,1,,,
,함소원,1,,,
,함유량,1,,,
,합격,1,,,
,합금,1,,,
,합작,1,,,
,항로,1,,,
,항변,1,,,
,항복,1,,,
,항우,1,,,
,해달,1,,,
,해답,1,,,
,해리,1,,,
,해명,1,,,
,해명글,1,,,
,해산,1,,,
,해선,1,,,
,해쉬태그,1,,,
,해인,1,,,
,해제,1,,,
,해프닝,1,,,
,해하,1,,,
,해학,1,,,
,핼,1,,,
,행방,1,,,
,행복지수,1,,,
,행정부,1,,,
,향수,1,,,
,향유,1,,,
,허락,1,,,
,허망,1,,,
,허무맹랑,1,,,
,허상,1,,,
,허슬,1,,,
,허용,1,,,
,헌신,1,,,
,헐값,1,,,
,험담,1,,,
,헤드,1,,,
,헤벌쭉,1,,,
,헤어,1,,,
,헬,1,,,
,혁신,1,,,
,현관문,1,,,
,현기증,1,,,
,현생,1,,,
,현역,1,,,
,현피,1,,,
,혈연,1,,,
,협약,1,,,
,협의,1,,,
,협조,1,,,
,협회,1,,,
,혓바닥,1,,,
,형식,1,,,
,형아,1,,,
,형주,1,,,
,혜택,1,,,
,호기심,1,,,
,호복,1,,,
,호의,1,,,
,호자,1,,,
,호적,1,,,
,호텔,1,,,
,호황,1,,,
,호흡기,1,,,
,혹세,1,,,
,혼,1,,,
,혼란,1,,,
,혼연,1,,,
,혼잣말,1,,,
,혼종,1,,,
,홀랑,1,,,
,홍산문명,1,,,
,홍치,1,,,
,홍콩도,1,,,
,화로,1,,,
,화룡,1,,,
,화만,1,,,
,화산폭발,1,,,
,화살,1,,,
,화서,1,,,
,화성,1,,,
,화염병,1,,,
,화외,1,,,
,화의,1,,,
,화장,1,,,
,화장실,1,,,
,화차,1,,,
,화학,1,,,
,화학무기,1,,,
,화해,1,,,
,화흡,1,,,
,확답,1,,,
,확보,1,,,
,확신,1,,,
,확율,1,,,
,확장팩,1,,,
,확증편향,1,,,
,환경,1,,,
,환경문제,1,,,
,환멸,1,,,
,환빠놈들,1,,,
,환빠들,1,,,
,환빠정,1,,,
,환상,1,,,
,환심,1,,,
,환호,1,,,
,활기,1,,,
,활자,1,,,
,홧팅,1,,,
,황,1,,,
,황건적,1,,,
,황금,1,,,
,황비홍,1,,,
,황실,1,,,
,황천,1,,,
,황허문명,1,,,
,황후,1,,,
,회답,1,,,
,회로,1,,,
,회성,1,,,
,회옹,1,,,
,회원,1,,,
,회전,1,,,
,회족,1,,,
,회피,1,,,
,회횐,1,,,
,획득,1,,,
,효자손,1,,,
,후계,1,,,
,후금,1,,,
,후드,1,,,
,후련,1,,,
,후속,1,,,
,후안,1,,,
,후쿠시마,1,,,
,훈민정음,1,,,
,훈장,1,,,
,훌룡,1,,,
,훗날,1,,,
,훤하,1,,,
,훤함,1,,,
,훤해,1,,,
,훼방,1,,,
,흉내,1,,,
,흐름,1,,,
,흐지부지,1,,,
,흑막,1,,,
,흑백,1,,,
,흑사병,1,,,
,흑연,1,,,
,흑인,1,,,
,흑해,1,,,
,흙,1,,,
,흠칫,1,,,
,흥분,1,,,
,흥선대원군,1,,,
,흥행,1,,,
,희귀,1,,,
,흰색,1,,,
,히라가나,1,,,
,히로시마,1,,,
,히잡,1,,,
,힌두교,1,,,
,힐날,1,,,
,힘자랑,1,,,
