순위,단어,빈도
1,환불,792
2,중국,445
3,한복,325
4,한국,296
5,게임,253
6,짱깨,192
7,돈,157
8,공지,156
9,우리,149
10,유저,131
11,글,128
12,말,127
13,섭종,127
14,새끼,123
15,문화,109
16,씨발,97
17,샤이닝니키,97
18,개인정보,95
19,생각,91
20,지랄,87
21,사람,77
22,놈,75
23,중국인,74
24,탈퇴,69
25,삭제,68
26,끝,67
27,사과,60
28,모욕,60
29,점검,55
30,남,55
31,전액,54
32,역사,53
33,카페,52
34,민주주의,51
35,구글,51
36,대한민국,49
37,전통,48
38,너희,48
39,우리나라,47
40,민주화,46
41,욕,44
42,종료,42
43,운영,42
44,소리,42
45,시진핑,42
46,댓글,42
47,전통의상,41
48,옷,41
49,국가,41
50,한푸,40
51,처리,40
52,서비스,38
53,결제,38
54,병신,36
55,파기,34
56,페이퍼,33
57,한국인,33
58,진행,33
59,수준,32
60,서버,31
61,조국,30
62,운동,30
63,폐기,28
64,회사,28
65,상징,28
66,천안문,27
67,애플,27
68,홍콩,26
69,처음,25
70,지지,25
71,좆,25
72,정보,24
73,의상,24
74,시간,24
75,변발,24
76,한계,23
77,잘못,23
78,레전드,23
79,먼저,23
80,내용,23
81,일,23
82,보고,22
83,대가리,22
84,개새끼,22
85,마지막,21
86,도전,21
87,기만,21
88,계정,21
89,정신,20
90,선,20
91,쓰레기,20
92,분,20
93,당신,20
94,공산당,20
95,코로나,19
96,짓,19
97,조선족,19
98,존엄성,19
99,먹튀,19
100,링크,19
101,게시,19
102,쪽,18
103,국민,18
104,청원,17
105,죽,17
106,입장,17
107,상황,17
108,나머지,17
109,피해자,16
110,치파오,16
111,착,16
112,일주일,16
113,우기,16
114,완료,16
115,연장,16
116,열망,16
117,방법,16
118,명나라,16
119,대한,16
120,진심,15
121,직원,15
122,중,15
123,이해,15
124,아이,15
125,실화,15
126,신청,15
127,번,15
128,사실,15
129,빨,15
130,복식,15
131,머리,15
132,답,15
133,가요,15
134,고유,15
135,해결,14
136,정액,14
137,종이,14
138,전부,14
139,장난,14
140,아이폰,14
141,영향,14
142,실현,14
143,세계,14
144,분노,14
145,보지,14
146,문제,14
147,만세,14
148,독립,14
149,땅,14
150,도둑,14
151,기분,14
152,고려,14
153,가세,14
154,가지,14
155,화,14
156,거절,14
157,파페,13
158,주장,13
159,용기,13
160,인정,13
161,웃기,13
162,이번,13
163,의복,13
164,역대,13
165,얘기,13
166,성우,13
167,보상,13
168,본인,13
169,부분,13
170,메일,13
171,달,13
172,동의,13
173,똥,13
174,기업,13
175,꼴,13
176,거지,13
177,프리,12
178,팀,12
179,정도,12
180,신고,12
181,바로,12
182,마냥,12
183,바퀴벌레,12
184,문의,12
185,년,12
186,개돼지,12
187,평생,11
188,행동,11
189,탓,11
190,존중,11
191,입,11
192,응원,11
193,역사왜곡,11
194,양심,11
195,오픈,11
196,시작,11
197,본사,11
198,사태,11
199,사과문,11
200,민족,11
201,대만,11
202,대해,11
203,당장,11
204,난리,11
205,금액,11
206,감,11
207,하루,10
208,코스프레,10
209,키,10
210,탑승,10
211,정부,10
212,전통문화,10
213,유출,10
214,일본,10
215,자동,10
216,작성,10
217,오늘,10
218,스텝,10
219,사건,10
220,마오쩌둥,10
221,모두,10
222,런칭,10
223,공식,10
224,거부,10
225,경우,10
226,관련,10
227,거기,10
228,관심,10
229,피코,9
230,피해,9
231,취소,9
232,저기,9
233,이후,9
234,애초,9
235,요청,9
236,소수민족,9
237,마인드,9
238,러브,9
239,님들,9
240,라면,9
241,도둑질,9
242,동북공정,9
243,기도,9
244,눈,9
245,뇌,9
246,그것,9
247,글쓰기,9
248,논란,9
249,논리,9
250,걱정,9
251,핑핑,8
252,축하,8
253,전체,8
254,주제,8
255,이메일,8
256,자체,8
257,이면,8
258,이유,8
259,염병,8
260,실망,8
261,신분,8
262,상태,8
263,사랑,8
264,번역,8
265,사진,8
266,망겜,8
267,매니저,8
268,끼리,8
269,게시판,8
270,곳,8
271,공부,8
272,겁,8
273,한국어,7
274,현재,7
275,티,7
276,중화사상,7
277,장사,7
278,지구,7
279,정리,7
280,저번,7
281,전세계,7
282,이상,7
283,위,7
284,일부,7
285,원나라,7
286,완전,7
287,언론,7
288,수고,7
289,씹덕,7
290,세뇌,7
291,스탭,7
292,소식,7
293,속국,7
294,벌레,7
295,방송,7
296,사항,7
297,민폐,7
298,매력,7
299,뜻,7
300,똥꼬,7
301,라이,7
302,대박,7
303,대혁명,7
304,덩어리,7
305,느그,7
306,근본,7
307,끼,7
308,기록,7
309,고생,7
310,개발자,7
311,검토,7
312,과금,7
313,현질,7
314,품질,7
315,트위터,6
316,호구,6
317,판,6
318,확인,6
319,최악,6
320,클라스,6
321,출시,6
322,책임,6
323,짱꼴라,6
324,중이,6
325,지경,6
326,절차,6
327,중국어,6
328,인간,6
329,자유,6
330,의미,6
331,이벤트,6
332,연락,6
333,선택,6
334,쇼,6
335,사전예약,6
336,보이,6
337,법,6
338,상세,6
339,반대,6
340,맘,6
341,바이러스,6
342,며칠,6
343,다해,6
344,다행,6
345,대처,6
346,길이,6
347,기원,6
348,누구,6
349,결론,6
350,한글,6
351,혁명,6
352,폰,6
353,화가,6
354,한판,5
355,헛소리,5
356,팩트,5
357,혐오,5
358,해명,5
359,카카오,5
360,지식,5
361,통수,5
362,참고,5
363,참여,5
364,카드,5
365,직접,5
366,죄,5
367,중섭,5
368,주말,5
369,저희,5
370,즈그,5
371,증거,5
372,주소,5
373,자랑,5
374,일치,5
375,유행,5
376,유감,5
377,자신,5
378,웨이보,5
379,예의,5
380,예정,5
381,애플사,5
382,어제,5
383,앱,5
384,왜곡,5
385,설명,5
386,시비,5
387,시도,5
388,씨,5
389,손절,5
390,아무,5
391,세상,5
392,수호,5
393,방문,5
394,상식,5
395,불매,5
396,사상,5
397,별,5
398,사업,5
399,변명,5
400,빡,5
401,무시,5
402,문자,5
403,발언,5
404,말로,5
405,문화유산,5
406,모습,5
407,덕분,5
408,다이아,5
409,등급,5
410,기대,5
411,구로,5
412,늬들,5
413,내일,5
414,노력,5
415,난난,5
416,기념,5
417,난징,5
418,공안,5
419,고집,5
420,가입,5
421,개발,5
422,하자,5
423,해킹,5
424,해주,5
425,포켓몬,4
426,회수,4
427,홍,4
428,합,4
429,티벳,4
430,효,4
431,회피,4
432,한국판,4
433,풍습,4
434,한마디,4
435,진상,4
436,타이완,4
437,통,4
438,채팅,4
439,짱,4
440,최단,4
441,척,4
442,절대,4
443,중간,4
444,재화,4
445,존재,4
446,중국산,4
447,존엄,4
448,중궈,4
449,조상,4
450,적반하장,4
451,제일,4
452,저장,4
453,조치,4
454,이야기,4
455,이틀,4
456,일단,4
457,이미지,4
458,인구,4
459,이자,4
460,얼척,4
461,여행,4
462,옆,4
463,억지,4
464,어그,4
465,예전,4
466,엘베,4
467,앱스토어,4
468,안드로이드,4
469,시기,4
470,실행,4
471,스토어,4
472,수치,4
473,시전,4
474,신념,4
475,셈,4
476,쓰기,4
477,순차,4
478,세기,4
479,소름,4
480,시바,4
481,사기,4
482,붕괴,4
483,사기꾼,4
484,밥,4
485,방금,4
486,배,4
487,상종,4
488,바람,4
489,미련,4
490,말투,4
491,바다,4
492,명,4
493,몽환,4
494,대륙,4
495,다음,4
496,대응,4
497,둘,4
498,니미,4
499,딸,4
500,디자인,4
501,기간,4
502,광장,4
503,그동안,4
504,근거,4
505,권한,4
506,능력,4
507,기준,4
508,농락,4
509,국제,4
510,네이버,4
511,김치,4
512,뉴스,4
513,골,4
514,병,4
515,거의,4
516,거짓,4
517,가득,4
518,개인,4
519,계기,4
520,고요,4
521,검색,4
522,거리,4
523,공개,4
524,가야,4
525,강조,4
526,가지가지,4
527,가해자,4
528,가장,4
529,페이,4
530,포함,4
531,한숨,4
532,한자,3
533,홍보,3
534,한지,3
535,현실,3
536,효력,3
537,필요,3
538,패키지,3
539,파쇄,3
540,현황,3
541,해외,3
542,학교,3
543,폐렴,3
544,협의,3
545,한일,3
546,행위,3
547,한가지,3
548,한국말,3
549,추가,3
550,책,3
551,차별,3
552,초등학생,3
553,차이,3
554,최근,3
555,차이나,3
556,집,3
557,친구,3
558,초코우유,3
559,쭝꿔,3
560,총,3
561,지사,3
562,첫날,3
563,톡,3
564,청나라,3
565,축제,3
566,집중,3
567,초기,3
568,중공,3
569,주일,3
570,정통,3
571,준비,3
572,제도,3
573,중심,3
574,지도,3
575,제해,3
576,죽창,3
577,재팬,3
578,저자,3
579,중구,3
580,조롱,3
581,조선인,3
582,주기,3
583,지리,3
584,주년,3
585,좆망,3
586,인생,3
587,일개,3
588,인증,3
589,이름,3
590,자존심,3
591,일방,3
592,인식,3
593,위구르,3
594,인지,3
595,은근,3
596,웅장,3
597,애정,3
598,옛날,3
599,영수증,3
600,안녕,3
601,언급,3
602,열,3
603,욕심,3
604,안주,3
605,엄마,3
606,애도,3
607,연결,3
608,요약,3
609,소비,3
610,쌍것,3
611,섬,3
612,소송,3
613,새벽,3
614,수정,3
615,아가리,3
616,속도,3
617,신도,3
618,세트,3
619,실수,3
620,스트레스,3
621,심보,3
622,상품,3
623,본국,3
624,배신,3
625,사이트,3
626,사단,3
627,방식,3
628,븅,3
629,보드,3
630,빼,3
631,북방,3
632,사료,3
633,복장,3
634,봄,3
635,상담사,3
636,범죄,3
637,밤,3
638,비,3
639,비난,3
640,미래,3
641,바이바이,3
642,미세먼지,3
643,무작정,3
644,몇,3
645,만,3
646,모,3
647,바보,3
648,바지,3
649,모순,3
650,반박,3
651,발광,3
652,몽,3
653,동물의숲,3
654,대국,3
655,등신,3
656,답변,3
657,답글,3
658,독재자,3
659,대갈,3
660,랜덤,3
661,도망,3
662,나이,3
663,기적,3
664,글삭,3
665,꼴깝,3
666,냄비,3
667,넘버원,3
668,기모노,3
669,나중,3
670,눈치,3
671,국적,3
672,급진,3
673,꿈,3
674,급,3
675,눈앞,3
676,구매,3
677,느낌,3
678,그대로,3
679,기전,3
680,내내,3
681,공산,3
682,검열,3
683,공유,3
684,개뿔,3
685,경고,3
686,거란,3
687,개꿀,3
688,거래,3
689,가스,3
690,고객,3
691,강요,3
692,월요일,3
693,개념,3
694,거짓말,3
695,가십,3
696,병진,3
697,곤룡포,3
698,가면,3
699,관복,3
700,티베트,3
701,환가,3
702,난징대학살,3
703,폐쇄,2
704,하트,2
705,폐지,2
706,후회,2
707,페북,2
708,파괴,2
709,페스티발,2
710,환뷸,2
711,폭파,2
712,회원,2
713,투자,2
714,풍악,2
715,표절,2
716,화이팅,2
717,하늘,2
718,한정,2
719,퉤,2
720,품,2
721,활동,2
722,플레이,2
723,팝콘,2
724,플레이스토어,2
725,파파,2
726,훼손,2
727,혼자,2
728,후진국,2
729,하하,2
730,킹덤,2
731,차례,2
732,탕진,2
733,착각,2
734,친,2
735,캡쳐,2
736,창,2
737,지인,2
738,짐,2
739,탈모,2
740,철수,2
741,쭉,2
742,짓거리,2
743,치기,2
744,침,2
745,카페나,2
746,초반,2
747,짜장,2
748,크기,2
749,최고,2
750,쪽바리,2
751,짜증,2
752,최대,2
753,탕,2
754,짝짝,2
755,태도,2
756,충격,2
757,진의,2
758,취급,2
759,통제,2
760,쟁취,2
761,정이,2
762,정책,2
763,중단,2
764,저능,2
765,전쟁,2
766,제외,2
767,전형,2
768,정권,2
769,즉각,2
770,지난,2
771,접속,2
772,주인,2
773,조차,2
774,주전,2
775,족속,2
776,장담,2
777,전화번호,2
778,존버,2
779,잼,2
780,존심,2
781,졸라,2
782,지긋지긋,2
783,재기,2
784,지난번,2
785,종특,2
786,지능,2
787,종합,2
788,지령,2
789,재미,2
790,주둥이,2
791,주가,2
792,일본도,2
793,이십,2
794,임마,2
795,이정,2
796,일반인,2
797,우한,2
798,일인,2
799,자격,2
800,의관,2
801,일대,2
802,워,2
803,일베,2
804,의도,2
805,의문,2
806,위치,2
807,욬,2
808,원인,2
809,자도,2
810,의심,2
811,이용,2
812,인내심,2
813,일말,2
814,인도,2
815,유미,2
816,인류,2
817,운영자,2
818,인민,2
819,유입,2
820,위선,2
821,인성,2
822,이사,2
823,이기,2
824,일터,2
825,유래,2
826,입막음,2
827,이내,2
828,인지도,2
829,이세,2
830,용서,2
831,일괄,2
832,원칙,2
833,유머,2
834,이주,2
835,작업,2
836,이참,2
837,잡종,2
838,예측,2
839,언니,2
840,아하,2
841,예상,2
842,얼,2
843,옹호,2
844,얼굴,2
845,얼마,2
846,어플,2
847,오전,2
848,얼씬,2
849,아이템,2
850,언어,2
851,어메이징,2
852,열흘,2
853,업체,2
854,영토,2
855,예능,2
856,여러,2
857,예술,2
858,외국인,2
859,여지,2
860,안보,2
861,올해,2
862,연,2
863,안내,2
864,아침,2
865,외국,2
866,암만,2
867,애비,2
868,쌍,2
869,소매,2
870,소전,2
871,손해,2
872,소비자,2
873,생,2
874,쓱,2
875,수도,2
876,소릴,2
877,수발,2
878,서쪽,2
879,수입,2
880,싸가지,2
881,선조,2
882,쏙,2
883,섬나라,2
884,씨벌,2
885,세종대왕,2
886,실,2
887,순간,2
888,실제,2
889,스토리,2
890,서울,2
891,승인,2
892,심려,2
893,시대,2
894,싯팔,2
895,샴페인,2
896,싸움,2
897,시발련,2
898,소국,2
899,쓰시,2
900,시장,2
901,생기,2
902,시절,2
903,소액,2
904,서든,2
905,아럽니키,2
906,신뢰,2
907,신경,2
908,방,2
909,비판,2
910,삼,2
911,보신,2
912,베이징,2
913,버러지,2
914,사전,2
915,복각,2
916,비교,2
917,버릇,2
918,빠꾸,2
919,복의,2
920,변국,2
921,본래,2
922,사용,2
923,보기,2
924,번역기,2
925,번역본,2
926,배때기,2
927,부모님,2
928,부정,2
929,뻔뻔,2
930,번호,2
931,벽람,2
932,북쪽,2
933,배상,2
934,북한,2
935,분명,2
936,사유,2
937,불가,2
938,보고서,2
939,불똥,2
940,배격,2
941,상관,2
942,븅신,2
943,보답,2
944,보라,2
945,븅신들,2
946,반성,2
947,박쥐,2
948,마켓,2
949,만이천원,2
950,루비,2
951,먹이,2
952,반도,2
953,말씀,2
954,망정,2
955,모바일,2
956,먹기,2
957,만약,2
958,밑밥,2
959,모야,2
960,멍,2
961,레알,2
962,메이드,2
963,모택동,2
964,만행,2
965,목숨,2
966,몸,2
967,막상,2
968,만하,2
969,몽골,2
970,미애,2
971,발전,2
972,밀고,2
973,발악,2
974,바가지,2
975,맛,2
976,릴리스,2
977,롤,2
978,망길,2
979,밖,2
980,문물,2
981,마디,2
982,문화인,2
983,반발,2
984,물건,2
985,발가락,2
986,물리,2
987,망상,2
988,무료,2
989,대로,2
990,땡깡,2
991,다운,2
992,돼지,2
993,닉넴,2
994,당국,2
995,대가,2
996,대출,2
997,동지,2
998,대표,2
999,대피소,2
1000,답답,2
1001,대화,2
1002,달리,2
1003,덧글,2
1004,동쪽,2
1005,덩이,2
1006,달이,2
1007,단어,2
1008,뒤통수,2
1009,도덕,2
1010,드라마,2
1011,단체,2
1012,당,2
1013,단호,2
1014,따위,2
1015,당첨,2
1016,독도,2
1017,떼놈,2
1018,독자,2
1019,다독,2
1020,닉네임,2
1021,러,2
1022,동네,2
1023,동무,2
1024,노잼,2
1025,깝,2
1026,눈가,2
1027,그래픽,2
1028,냄새,2
1029,교육,2
1030,노래,2
1031,기자,2
1032,근처,2
1033,길,2
1034,국내,2
1035,내년,2
1036,굴지,2
1037,금방,2
1038,기어,2
1039,금지,2
1040,노무,2
1041,금칙어,2
1042,구도,2
1043,날조,2
1044,눈막,2
1045,날짜,2
1046,남자,2
1047,능지,2
1048,을해,2
1049,개똥망,2
1050,개똥,2
1051,가짜,2
1052,고구려,2
1053,갈취,2
1054,고립,2
1055,감사,2
1056,고민,2
1057,고발,2
1058,공산주의,2
1059,거짓말쟁이,2
1060,블로그,2
1061,가용,2
1062,공카,2
1063,고작,2
1064,과거,2
1065,개좆,2
1066,가슴,2
1067,건국,2
1068,관광객,2
1069,훗날,2
1070,팀원,2
1071,혐,2
1072,황국,1
1073,하위,1
1074,호의,1
1075,하중,1
1076,화해,1
1077,파멸,1
1078,퇴짜,1
1079,흙탕물,1
1080,티비,1
1081,트리,1
1082,패션쇼,1
1083,한거자,1
1084,화낼,1
1085,편입,1
1086,팽,1
1087,평상복,1
1088,하드,1
1089,파스타,1
1090,페스티벌,1
1091,평소,1
1092,휴일,1
1093,평양,1
1094,하수,1
1095,평일,1
1096,퓡퓡,1
1097,한나라,1
1098,프사,1
1099,협상,1
1100,한단,1
1101,호군,1
1102,평화,1
1103,혼,1
1104,홍위병,1
1105,파악,1
1106,화남,1
1107,파오,1
1108,핍박,1
1109,파이,1
1110,파이팅,1
1111,포스트,1
1112,한적,1
1113,회장,1
1114,포인트,1
1115,틀,1
1116,파키스탄,1
1117,하루아침,1
1118,하사,1
1119,파티,1
1120,흐미,1
1121,포항,1
1122,희망이,1
1123,폭,1
1124,행패,1
1125,할로윈,1
1126,프로필,1
1127,티나,1
1128,현재상황,1
1129,특색,1
1130,합리화,1
1131,플레이어,1
1132,합심,1
1133,피드백,1
1134,합치,1
1135,호복,1
1136,항목,1
1137,패션,1
1138,표어,1
1139,패치,1
1140,항의,1
1141,필수,1
1142,항쟁,1
1143,화내,1
1144,화법,1
1145,화주,1
1146,해달,1
1147,핑계,1
1148,표준,1
1149,특징,1
1150,표현,1
1151,해명글,1
1152,홧병,1
1153,해방,1
1154,회,1
1155,해석,1
1156,푸아그라,1
1157,회의,1
1158,풀발,1
1159,퍽,1
1160,트럭,1
1161,횟수,1
1162,판단,1
1163,틀림,1
1164,후빨,1
1165,풍년,1
1166,하루하루,1
1167,핵,1
1168,핸폰비,1
1169,휴가,1
1170,판단력,1
1171,흑역사,1
1172,행사,1
1173,흡사,1
1174,행실,1
1175,행운,1
1176,판이,1
1177,코리아,1
1178,천벌,1
1179,직전,1
1180,천안문사태,1
1181,커뮤,1
1182,천원,1
1183,진절머리,1
1184,철판,1
1185,직장,1
1186,첨,1
1187,쭝궐런,1
1188,첨부,1
1189,캐릭터,1
1190,차례차례,1
1191,청계천로,1
1192,클린,1
1193,차로,1
1194,타요,1
1195,청년,1
1196,집단,1
1197,처우,1
1198,청와대,1
1199,테러,1
1200,통속,1
1201,체감,1
1202,지옥,1
1203,체제,1
1204,컨텐츠,1
1205,체크,1
1206,코디,1
1207,체크카드,1
1208,코앞,1
1209,체험,1
1210,쿠키런,1
1211,초고,1
1212,크루,1
1213,지부리,1
1214,쫄국,1
1215,초코,1
1216,탄압,1
1217,진출,1
1218,탈환,1
1219,초키,1
1220,짜장면,1
1221,태국,1
1222,태양,1
1223,쫙쫙,1
1224,텀,1
1225,차이점,1
1226,톈안먼,1
1227,짝,1
1228,천년,1
1229,차피,1
1230,카피,1
1231,칼날,1
1232,최후,1
1233,캡처,1
1234,짤,1
1235,추억,1
1236,추정,1
1237,창의,1
1238,추천,1
1239,추측,1
1240,쩌둥이,1
1241,출생,1
1242,짱궈련드,1
1243,출연,1
1244,충,1
1245,차단,1
1246,충전,1
1247,쪽쪽,1
1248,찬,1
1249,타국,1
1250,진도,1
1251,타령,1
1252,취지,1
1253,타워,1
1254,타임,1
1255,탄소,1
1256,탈,1
1257,퇴장,1
1258,찬양,1
1259,탑,1
1260,찬탈,1
1261,치면,1
1262,처벌,1
1263,치부,1
1264,태그,1
1265,치졸,1
1266,태생,1
1267,치킨,1
1268,탭,1
1269,차도,1
1270,참깨,1
1271,텅텅,1
1272,집착,1
1273,톈안멘셩,1
1274,톡방,1
1275,카톡,1
1276,통보,1
1277,진흥,1
1278,천명공주,1
1279,직역,1
1280,취하,1
1281,통화,1
1282,취한,1
1283,쭝꿔취,1
1284,측도,1
1285,지랄병,1
1286,중퀴,1
1287,중국공산당,1
1288,정치,1
1289,저고리,1
1290,저항,1
1291,줌,1
1292,제보,1
1293,중궈런,1
1294,접종,1
1295,저혈압,1
1296,정성,1
1297,장해,1
1298,정식,1
1299,존업,1
1300,조건,1
1301,적극,1
1302,정신병원,1
1303,적도,1
1304,쥐구멍,1
1305,졵,1
1306,잼민,1
1307,지나,1
1308,졷망겜,1
1309,저걸,1
1310,장땡,1
1311,줄때,1
1312,좀해,1
1313,재해,1
1314,저격,1
1315,종,1
1316,중국사람,1
1317,종도,1
1318,전화,1
1319,적운,1
1320,장제스,1
1321,조로,1
1322,종말,1
1323,종북,1
1324,정신승리,1
1325,종시,1
1326,적자,1
1327,조만간,1
1328,제작사,1
1329,점점,1
1330,종인,1
1331,저쪽,1
1332,종종,1
1333,조짐,1
1334,제정,1
1335,정검,1
1336,제조,1
1337,조카,1
1338,전량,1
1339,장식,1
1340,좆년,1
1341,지번,1
1342,전파,1
1343,중공군,1
1344,좌빨,1
1345,좌좀,1
1346,중국말,1
1347,정당방위,1
1348,죄송,1
1349,중국음식,1
1350,죄책감,1
1351,중꾹,1
1352,절,1
1353,지린성,1
1354,중요성,1
1355,지방,1
1356,중일전쟁,1
1357,정작,1
1358,중화민국,1
1359,장인,1
1360,줭판,1
1361,쥐꼬리,1
1362,재수,1
1363,주변,1
1364,정점,1
1365,전용,1
1366,정신연령,1
1367,주시,1
1368,주식,1
1369,지구인,1
1370,주위,1
1371,조선,1
1372,주의,1
1373,조정,1
1374,저건,1
1375,지누,1
1376,쟤내,1
1377,지니,1
1378,정의,1
1379,재촉,1
1380,주지,1
1381,장난감,1
1382,재판,1
1383,족,1
1384,지배,1
1385,장수,1
1386,정면,1
1387,잔,1
1388,이별,1
1389,이웃,1
1390,자위,1
1391,일주,1
1392,자발,1
1393,용량,1
1394,위인,1
1395,이전,1
1396,육지,1
1397,위장,1
1398,우왕,1
1399,은폐,1
1400,은화,1
1401,자괴,1
1402,음,1
1403,자리,1
1404,음식,1
1405,자식,1
1406,이집,1
1407,자존감,1
1408,이쯤,1
1409,작성자,1
1410,월정,1
1411,이처,1
1412,일절,1
1413,응대,1
1414,일체,1
1415,위원회,1
1416,운,1
1417,입맛,1
1418,잡담,1
1419,잣,1
1420,우동,1
1421,자극,1
1422,응방,1
1423,유투,1
1424,응애,1
1425,자막,1
1426,인권,1
1427,자부심,1
1428,인기,1
1429,우리동네,1
1430,자의,1
1431,원리,1
1432,자주,1
1433,의거,1
1434,작가,1
1435,의견,1
1436,작작,1
1437,인민공화국,1
1438,인상,1
1439,잡,1
1440,위협,1
1441,인생게임,1
1442,일제,1
1443,원숭이,1
1444,유일,1
1445,인수,1
1446,우매,1
1447,유네스코,1
1448,일판,1
1449,인신,1
1450,인원,1
1451,이백만원,1
1452,인재,1
1453,입속,1
1454,용,1
1455,인종청소,1
1456,우웩,1
1457,유도,1
1458,인증샷,1
1459,자고,1
1460,우리땅,1
1461,자국,1
1462,우리말,1
1463,우롱,1
1464,인터뷰,1
1465,유투버,1
1466,인형,1
1467,자마자,1
1468,자문,1
1469,의욕,1
1470,자본주의,1
1471,용신,1
1472,자수,1
1473,유려,1
1474,유학생,1
1475,자업자득,1
1476,일만,1
1477,이슈,1
1478,자의식,1
1479,일반,1
1480,이신,1
1481,이글,1
1482,자처,1
1483,위구르족,1
1484,자초,1
1485,유목민,1
1486,육성,1
1487,유목민족,1
1488,이어도,1
1489,일본군,1
1490,작정,1
1491,원류,1
1492,이닝,1
1493,잠,1
1494,유우,1
1495,잠시,1
1496,일부분,1
1497,일어,1
1498,이란,1
1499,원,1
1500,이해력,1
1501,이의,1
1502,약간,1
1503,예시,1
1504,어린이,1
1505,영영,1
1506,오기,1
1507,어머니,1
1508,아오자이,1
1509,양산,1
1510,요도,1
1511,어문,1
1512,액션,1
1513,알것,1
1514,압박,1
1515,어우,1
1516,오리,1
1517,업로드,1
1518,오진,1
1519,업보,1
1520,어의,1
1521,왓챠,1
1522,엉덩이,1
1523,약자,1
1524,엉엉,1
1525,안드로메다,1
1526,어후,1
1527,엑스트라,1
1528,옘병,1
1529,앞길,1
1530,안막,1
1531,오산,1
1532,앞뒤,1
1533,오줌,1
1534,여가,1
1535,양팔,1
1536,여기저기,1
1537,안심,1
1538,언론플레이,1
1539,여사,1
1540,왈,1
1541,왕따,1
1542,여유,1
1543,알바,1
1544,외면,1
1545,요점,1
1546,양해,1
1547,영업일,1
1548,여태,1
1549,여포,1
1550,액세스,1
1551,애국,1
1552,알라,1
1553,억,1
1554,예약,1
1555,억압,1
1556,요하,1
1557,약속,1
1558,약소국,1
1559,악용,1
1560,오노,1
1561,역사상,1
1562,애액,1
1563,오브,1
1564,아유,1
1565,역행,1
1566,안경,1
1567,오타쿠,1
1568,오후,1
1569,야마,1
1570,연관,1
1571,연동,1
1572,옷감,1
1573,연맹,1
1574,와드,1
1575,연합뉴스,1
1576,야오,1
1577,언사,1
1578,열등감,1
1579,양호,1
1580,열폭,1
1581,왕국,1
1582,아치,1
1583,안전,1
1584,언플,1
1585,아우,1
1586,언행,1
1587,영감,1
1588,약관,1
1589,영상,1
1590,암세포,1
1591,역도,1
1592,아미,1
1593,솔찍,1
1594,십덕,1
1595,씨앗,1
1596,스노우볼,1
1597,수전노,1
1598,스발넘들,1
1599,상쾌,1
1600,스키타이,1
1601,스타일,1
1602,수십,1
1603,섹스,1
1604,심장,1
1605,스탭임,1
1606,샤워,1
1607,쌩쇼,1
1608,쓰나미,1
1609,센터,1
1610,선동,1
1611,셀프,1
1612,씹창련들,1
1613,스폰지밥,1
1614,색기,1
1615,아시,1
1616,습득,1
1617,수욜,1
1618,승,1
1619,성지순례,1
1620,승낙,1
1621,심판,1
1622,승승장구,1
1623,선진국,1
1624,성조,1
1625,쌔빌,1
1626,선물,1
1627,손해배상,1
1628,시간대,1
1629,시국,1
1630,쓰레빠,1
1631,새치기,1
1632,씨벌럼,1
1633,성우진,1
1634,소유,1
1635,시리즈,1
1636,소개,1
1637,소취,1
1638,속편,1
1639,아부,1
1640,수거,1
1641,슈바,1
1642,시밬,1
1643,실직,1
1644,손발,1
1645,시위,1
1646,소문,1
1647,섀기,1
1648,성,1
1649,수긍,1
1650,심화,1
1651,생방송,1
1652,수출,1
1653,수록,1
1654,수표,1
1655,시킴,1
1656,쌈,1
1657,시험,1
1658,소생,1
1659,서든어택,1
1660,식이,1
1661,쌧빠닥,1
1662,아쒸,1
1663,아씨,1
1664,쏙쏙,1
1665,샛기덜,1
1666,소수,1
1667,상해,1
1668,순도,1
1669,소린,1
1670,씝덕,1
1671,신들,1
1672,손가락,1
1673,쉐끼,1
1674,신민,1
1675,씨빠빠룰,1
1676,서명,1
1677,씨팔,1
1678,신비,1
1679,씹새야,1
1680,신새,1
1681,신임,1
1682,쉑쉑,1
1683,신지,1
1684,아래,1
1685,신진,1
1686,상하,1
1687,아리랑,1
1688,수수료,1
1689,성의,1
1690,상하이,1
1691,아보,1
1692,수순,1
1693,실시간,1
1694,아시아,1
1695,실어,1
1696,실업자,1
1697,선비족,1
1698,신규,1
1699,성인,1
1700,신기록,1
1701,샤키,1
1702,산,1
1703,뿌슝빠슝,1
1704,법정,1
1705,번돈,1
1706,부리,1
1707,백만원,1
1708,베끼기,1
1709,부모,1
1710,베트남,1
1711,버거,1
1712,사이,1
1713,번창,1
1714,삼류,1
1715,빡대갈,1
1716,부인,1
1717,뽀뽀,1
1718,보스,1
1719,사가,1
1720,부채질,1
1721,보안탭,1
1722,부채춤,1
1723,부캐,1
1724,병해,1
1725,발해,1
1726,살수,1
1727,북간도,1
1728,북경,1
1729,부동산,1
1730,보통,1
1731,보호자,1
1732,빳빳,1
1733,버렂,1
1734,빼액빼액,1
1735,방한,1
1736,뻘갱,1
1737,분과,1
1738,뿌리,1
1739,벌금,1
1740,삐끗,1
1741,분도,1
1742,베타,1
1743,분리,1
1744,벼르,1
1745,분말,1
1746,본성,1
1747,백퍼,1
1748,배움,1
1749,분서갱유,1
1750,본진,1
1751,분열,1
1752,방이,1
1753,분위,1
1754,배출,1
1755,분탕,1
1756,산업,1
1757,분탕칠,1
1758,보이스피싱,1
1759,분풀이,1
1760,밬,1
1761,상상,1
1762,복구,1
1763,상심,1
1764,불과,1
1765,법적,1
1766,불구,1
1767,빡돌,1
1768,복사,1
1769,빤쓰런하,1
1770,방귀,1
1771,빨갱이,1
1772,불매운동,1
1773,불문,1
1774,빼액,1
1775,불사,1
1776,뺑이들,1
1777,불안,1
1778,복지,1
1779,불안감,1
1780,뼈,1
1781,불판,1
1782,뽕,1
1783,범위,1
1784,뷰,1
1785,베베,1
1786,보석,1
1787,삥뽕,1
1788,븅딱,1
1789,버전,1
1790,븅딱들,1
1791,사과글,1
1792,복양,1
1793,벼밭,1
1794,보물,1
1795,방구,1
1796,백수만,1
1797,사례,1
1798,복은,1
1799,사리,1
1800,보아,1
1801,별개,1
1802,비만,1
1803,번식,1
1804,비밀,1
1805,본토,1
1806,비밀결사,1
1807,비번,1
1808,배척,1
1809,복인,1
1810,빅엿,1
1811,산다,1
1812,버세,1
1813,볼런,1
1814,볼품,1
1815,빌런,1
1816,삼대,1
1817,빌어,1
1818,상,1
1819,빔,1
1820,상담,1
1821,빙,1
1822,빙신,1
1823,보존,1
1824,빚,1
1825,상실,1
1826,빛,1
1827,상이,1
1828,복제,1
1829,빠꾸먹,1
1830,상처,1
1831,범죄자,1
1832,발버둥,1
1833,바닥,1
1834,민원,1
1835,모로,1
1836,말뽄새,1
1837,맞춤법,1
1838,밀지,1
1839,로그인,1
1840,바짝,1
1841,말살,1
1842,반일,1
1843,모양,1
1844,메이,1
1845,매국노,1
1846,민가,1
1847,모욕감,1
1848,로그아웃,1
1849,모자,1
1850,막타,1
1851,만주,1
1852,말귀,1
1853,모기,1
1854,목표,1
1855,발견,1
1856,목하,1
1857,미국,1
1858,몫,1
1859,민심,1
1860,몸소,1
1861,민주,1
1862,럽프듀계정,1
1863,매일,1
1864,밑,1
1865,매크로,1
1866,바구,1
1867,몽스,1
1868,마찬가지,1
1869,멸종,1
1870,발언권,1
1871,박살,1
1872,맥,1
1873,명절,1
1874,무덤,1
1875,발상,1
1876,반응,1
1877,무소식,1
1878,발도,1
1879,만만,1
1880,모레,1
1881,멍청이,1
1882,먹거리,1
1883,미움,1
1884,무책임,1
1885,말입,1
1886,문법,1
1887,멜로,1
1888,마나,1
1889,마마,1
1890,마무리,1
1891,문제점,1
1892,문짝,1
1893,만년,1
1894,말종,1
1895,면목,1
1896,만들기,1
1897,마라상궈,1
1898,레시,1
1899,마오쩌뚱,1
1900,멀리,1
1901,마음,1
1902,물맛,1
1903,물씬,1
1904,박제,1
1905,마라샹궈,1
1906,명언,1
1907,반격,1
1908,몇개,1
1909,말기,1
1910,멋,1
1911,모독,1
1912,반의,1
1913,만면,1
1914,루삥뽕,1
1915,망신,1
1916,발람,1
1917,만리장성,1
1918,무리,1
1919,발작,1
1920,뫼,1
1921,묘지,1
1922,대답,1
1923,당나라,1
1924,니놈,1
1925,덩샤오핑,1
1926,도안,1
1927,데이터,1
1928,도움,1
1929,뚱,1
1930,도입,1
1931,대목,1
1932,도조,1
1933,당원,1
1934,도주,1
1935,다운로드,1
1936,도태,1
1937,똥꾸,1
1938,띨것,1
1939,독,1
1940,대굴빡,1
1941,독단,1
1942,니애미,1
1943,도로,1
1944,다국적,1
1945,독립운동가,1
1946,등판,1
1947,대안,1
1948,달동,1
1949,돈버,1
1950,돈벌레,1
1951,단원,1
1952,돈빨,1
1953,똥구멍,1
1954,돈줄,1
1955,똥멍충,1
1956,댐,1
1957,돌이,1
1958,라이트,1
1959,단계,1
1960,대기,1
1961,동동,1
1962,단군,1
1963,달랑,1
1964,다음주,1
1965,다른사람,1
1966,동생,1
1967,등소평,1
1968,등재,1
1969,동시,1
1970,딍신,1
1971,달마,1
1972,단령,1
1973,달성,1
1974,딴사람,1
1975,동일,1
1976,당시,1
1977,댕기,1
1978,단순,1
1979,단기,1
1980,다사,1
1981,땡,1
1982,러시,1
1983,떼,1
1984,대책,1
1985,다수,1
1986,된장,1
1987,대부분,1
1988,됫통수,1
1989,단지,1
1990,달창,1
1991,대신,1
1992,두건,1
1993,똥망,1
1994,더빙,1
1995,뜸,1
1996,띠,1
1997,담당,1
1998,라마,1
1999,라이브러리,1
2000,라인업,1
2001,담당자,1
2002,단돈,1
2003,득,1
2004,듣기,1
2005,다래,1
2006,도막,1
2007,도배,1
2008,도비,1
2009,구글플레이,1
2010,뇌교육,1
2011,꿀꺽,1
2012,꽁무니,1
2013,깨,1
2014,귀,1
2015,관종,1
2016,국경,1
2017,기생충,1
2018,끝임,1
2019,꼴값,1
2020,깨똥,1
2021,농담,1
2022,글로벌,1
2023,기타로,1
2024,눈팅,1
2025,광고,1
2026,나라말,1
2027,꼬마,1
2028,국뽕,1
2029,년놈,1
2030,노릇,1
2031,구석,1
2032,뇌절,1
2033,글짓기,1
2034,꼽,1
2035,나이스,1
2036,낙서,1
2037,기프트,1
2038,국산,1
2039,교과목,1
2040,난간,1
2041,김성회,1
2042,금욜,1
2043,난립,1
2044,난무,1
2045,권유,1
2046,기본,1
2047,교류,1
2048,기약,1
2049,날로,1
2050,기억,1
2051,그룹,1
2052,녹음,1
2053,남녀,1
2054,남아,1
2055,놈덜,1
2056,꼬까,1
2057,기원전,1
2058,남쪽,1
2059,꼴임,1
2060,뇌리,1
2061,늬들꺼,1
2062,규정,1
2063,낯짝,1
2064,국어,1
2065,누적,1
2066,국외,1
2067,꼽주,1
2068,꼬랑,1
2069,눈독,1
2070,내면,1
2071,눈사태,1
2072,구경,1
2073,그림,1
2074,기고,1
2075,뉘앙스,1
2076,기기,1
2077,광기,1
2078,근간,1
2079,꼬리,1
2080,꿀,1
2081,납득,1
2082,김현욱,1
2083,납작,1
2084,가오,1
2085,거만,1
2086,강제,1
2087,개쉑들,1
2088,거북이,1
2089,고해,1
2090,각오,1
2091,거인,1
2092,가기,1
2093,관계자,1
2094,가난,1
2095,강탈,1
2096,고려말,1
2097,각자,1
2098,개쩌,1
2099,가증,1
2100,개풀,1
2101,거주,1
2102,관부,1
2103,거중,1
2104,공적,1
2105,인터넷,1
2106,과잉,1
2107,개극혐,1
2108,경험,1
2109,개꼴깝,1
2110,계승,1
2111,가시,1
2112,개년,1
2113,고등학생,1
2114,가치,1
2115,간도,1
2116,개좆좆,1
2117,건거,1
2118,개쪽,1
2119,간의,1
2120,개화,1
2121,간체,1
2122,공기,1
2123,값,1
2124,강,1
2125,건의,1
2126,거란족,1
2127,갈색,1
2128,개멍,1
2129,강점,1
2130,개무시,1
2131,경제력,1
2132,개미,1
2133,개샊기들,1
2134,검증,1
2135,계시,1
2136,금요일,1
2137,화요일,1
2138,고개,1
2139,감시,1
2140,가능,1
2141,개병,1
2142,감정,1
2143,개븅신,1
2144,개입,1
2145,개비,1
2146,고소,1
2147,게인,1
2148,기사,1
2149,고조선,1
2150,게임보이,1
2151,고치,1
2152,겜사,1
2153,개판,1
2154,곱,1
2155,개뻔,1
2156,공격,1
2157,감각,1
2158,공론,1
2159,견해,1
2160,금,1
2161,결과,1
2162,개새꺄,1
2163,결말,1
2164,공자,1
2165,결정,1
2166,가마니,1
2167,가관,1
2168,강도,1
2169,과격,1
2170,과금러,1
2171,경기도,1
2172,거름,1
2173,경멸,1
2174,경복궁,1
2175,관리,1
2176,가부,1
2177,거저,1
2178,관제,1
2179,갑,1
